"10/26/2023, 22:59:50"
0,0,0
1,300,-26
2,300,-24
3,300,-5
4,300,-25
5,300,-21
6,300,-22
7,300,-24
8,300,-10
9,300,-24
10,300,-26
11,300,-28
12,300,-26
13,300,-30
14,300,-21
15,300,-17
16,300,-27
17,300,-43
18,300,7
19,300,-20
20,300,-19
21,300,-27
22,300,-17
23,300,-29
24,300,-25
25,300,-17
26,300,29
27,300,4
28,300,-25
29,300,29
30,300,-18
31,300,35
32,300,9
33,300,-42
34,300,-34
35,300,-1
36,300,-29
37,300,-15
38,300,5
39,300,-26
40,300,-43
41,300,20
42,300,-17
43,300,11
44,300,-20
45,300,-7
46,300,-10
47,300,-27
48,300,-19
49,300,22
50,300,-24
51,300,-25
52,300,-24
53,300,22
54,300,-18
55,300,5
56,300,-29
57,300,-3
58,300,44
59,300,13
60,300,31
61,300,34
62,300,-10
63,300,21
"10/26/2023, 23:17:01"
0,0,0
1,600,-60
2,600,-50
3,600,30
4,600,-40
5,600,-50
6,600,-56
7,600,-47
8,600,-48
9,600,-54
10,600,-54
11,600,-48
12,600,-48
13,600,-67
14,600,-61
15,600,-32
16,600,-38
17,600,-27
18,600,-43
19,600,-48
20,600,-60
21,600,-76
22,600,-51
23,600,-46
24,600,-75
25,600,-58
26,600,-62
27,600,-59
28,600,-58
29,600,-59
30,600,-60
31,600,-61
32,600,-59
33,600,-56
34,600,-61
35,600,-64
36,600,15
37,600,12
38,600,-2
39,600,-44
40,600,-10
41,600,-12
42,600,-56
43,600,-43
44,600,0
45,600,-6
46,600,-8
47,600,-53
48,600,-25
49,600,-49
50,600,-48
51,600,22
52,600,23
53,600,0
54,600,10
55,600,16
56,600,56
57,600,47
58,600,-16
59,600,20
60,600,44
61,600,49
62,600,55
63,600,34
"10/26/2023, 23:49:24"
0,0,0
1,1200,-3
2,1200,-8
3,1200,25
4,1200,-9
5,1200,32
6,1200,-47
7,1200,-39
8,1200,-15
9,1200,-11
10,1200,-46
11,1200,31
12,1200,-4
13,1200,11
14,1200,25
15,1200,46
16,1200,34
17,1200,-76
18,1200,51
19,1200,-10
20,1200,63
21,1200,-28
22,1200,-5
23,1200,-1
24,1200,-2
25,1200,-64
26,1200,-3
27,1200,9
28,1200,4
29,1200,27
30,1200,-2
31,1200,73
32,1200,28
33,1200,50
34,1200,-24
35,1200,25
36,1200,-12
37,1200,35
38,1200,25
39,1200,-8
40,1200,6
41,1200,70
42,1200,57
43,1200,79
44,1200,25
45,1200,29
46,1200,41
47,1200,10
48,1200,3
49,1200,45
50,1200,-13
51,1200,32
52,1200,82
53,1200,3
"10/27/2023, 00:43:59"
0,0,0
1,1400,19
2,1400,3
3,1400,8
4,1400,-2
5,1400,46
6,1400,147
7,1400,22
8,1400,49
9,1400,21
10,1400,-4
11,1400,-21
12,1400,60
13,1400,4
14,1400,47
15,1400,59
16,1400,-16
17,1400,4
18,1400,18
19,1400,18
20,1400,10
21,1400,32
22,1400,35
23,1400,66
24,1400,12
25,1400,55
26,1400,54
27,1400,72
28,1400,11
29,1400,-92
30,1400,49
31,1400,14
32,1400,80
33,1400,71
34,1400,55
35,1400,57
36,1400,21
37,1400,-42
38,1400,73
39,1400,53
40,1400,27
41,1400,59
42,1400,68
43,1400,10
44,1400,68
45,1400,61
46,1400,47
47,1400,82
48,1400,21
49,1400,27
50,1400,50
51,1400,68
52,1400,62
53,1400,41
54,1400,14
55,1400,46
56,1400,60
57,1400,3
58,1400,62
59,1400,24
60,1400,29
61,1400,93
62,1400,56
63,1400,116
64,1400,72
65,1400,54
66,1400,65
67,1400,69
68,1400,-8
69,1400,35
70,1400,42
71,1400,122
72,1400,-53
73,1400,38
74,1400,68
75,1400,48
76,1400,18
77,1400,51
78,1400,3
79,1400,13
80,1400,70
81,1400,55
82,1400,122
83,1400,-10
84,1400,54
85,1400,62
86,1400,80
87,1400,76
88,1400,42
89,1400,47
90,1400,35
91,1400,-9
92,1400,33
93,1400,70
94,1400,47
95,1400,63
96,1400,30
97,1400,56
98,1400,72
99,1400,140
100,1400,58
101,1400,-16
102,1400,43
103,1400,2
104,1400,-76
105,1400,66
106,1400,58
107,1400,8
108,1400,58
109,1400,5
110,1400,24
111,1400,7
112,1400,29
113,1400,36
114,1400,49
115,1400,41
116,1400,68
117,1400,41
118,1400,27
119,1400,82
120,1400,75
121,1400,124
122,1400,26
123,1400,46
124,1400,63
125,1400,41
126,1400,66
127,1400,30
128,1400,142
129,1400,58
130,1400,22
131,1400,8
132,1400,41
133,1400,29
134,1400,44
135,1400,67
136,1400,22
137,1400,-2
138,1400,6
139,1400,157
140,1400,51
141,1400,30
142,1400,119
143,1400,66
144,1400,13
145,1400,66
146,1400,52
147,1400,58
148,1400,-3
149,1400,-22
150,1400,-5
151,1400,-1
152,1400,-13
153,1400,123
154,1400,67
155,1400,43
156,1400,162
157,1400,-7
158,1400,59
159,1400,39
160,1400,21
161,1400,13
162,1400,65
163,1400,68
164,1400,75
165,1400,-17
166,1400,39
167,1400,51
168,1400,50
169,1400,1
170,1400,82
171,1400,65
172,1400,6
173,1400,33
174,1400,46
175,1400,56
176,1400,97
177,1400,14
178,1400,8
179,1400,43
180,1400,71
181,1400,10
182,1400,64
183,1400,77
184,1400,46
185,1400,60
186,1400,8
187,1400,-48
188,1400,55
189,1400,54
190,1400,26
191,1400,119
192,1400,54
193,1400,72
194,1400,49
195,1400,58
196,1400,77
197,1400,33
198,1400,88
199,1400,75
200,1400,8
201,1400,7
202,1400,5
203,1400,66
204,1400,120
205,1400,27
206,1400,65
207,1400,62
208,1400,53
209,1400,17
210,1400,96
211,1400,29
212,1400,-16
213,1400,24
214,1400,66
215,1400,27
216,1400,-5
217,1400,80
218,1400,20
219,1400,37
220,1400,68
221,1400,46
222,1400,32
223,1400,54
224,1400,20
225,1400,81
226,1400,30
227,1400,-6
228,1400,161
229,1400,16
230,1400,67
231,1400,51
232,1400,52
233,1400,18
234,1400,106
235,1400,69
236,1400,-27
237,1400,70
238,1400,64
239,1400,8
240,1400,115
241,1400,122
242,1400,70
243,1400,62
244,1400,78
245,1400,18
246,1400,39
247,1400,18
248,1400,40
249,1400,33
250,1400,10
251,1400,50
252,1400,64
253,1400,52
254,1400,47
255,1400,61
256,1400,20
257,1400,82
258,1400,116
259,1400,2
260,1400,-32
261,1400,62
262,1400,-27
263,1400,51
264,1400,-27
265,1400,8
266,1400,79
267,1400,173
268,1400,56
269,1400,-24
270,1400,57
271,1400,47
272,1400,5
273,1400,71
274,1400,53
275,1400,69
276,1400,12
277,1400,52
278,1400,50
279,1400,16
280,1400,125
281,1400,72
282,1400,14
283,1400,62
284,1400,76
285,1400,34
286,1400,-17
287,1400,85
288,1400,38
289,1400,134
290,1400,0
291,1400,51
292,1400,109
293,1400,148
294,1400,76
295,1400,79
296,1400,12
297,1400,63
298,1400,73
299,1400,77
300,1400,-12
301,1400,175
302,1400,-25
303,1400,128
304,1400,68
305,1400,55
306,1400,119
307,1400,59
308,1400,74
309,1400,21
310,1400,6
311,1400,96
312,1400,67
313,1400,54
314,1400,13
315,1400,6
316,1400,13
317,1400,54
318,1400,52
319,1400,173
320,1400,16
321,1400,-13
322,1400,113
323,1400,0
324,1400,64
325,1400,1
326,1400,75
327,1400,-6
328,1400,-4
329,1400,34
330,1400,124
331,1400,21
"10/27/2023, 07:12:46"
0,0,0
1,1400,51
2,1400,65
3,1400,63
4,1400,40
5,1400,117
6,1400,11
7,1400,42
8,1400,28
9,1400,14
10,1400,15
11,1400,63
12,1400,25
13,1400,16
14,1400,49
15,1400,81
16,1400,98
17,1400,18
18,1400,20
19,1400,24
20,1400,21
21,1400,-2
22,1400,65
23,1400,21
24,1400,75
25,1400,-12
26,1400,50
27,1400,111
28,1400,35
29,1400,17
30,1400,66
31,1400,-2
32,1400,50
33,1400,32
34,1400,28
35,1400,29
36,1400,9
37,1400,-1
38,1400,47
39,1400,54
40,1400,121
41,1400,65
42,1400,5
43,1400,-69
44,1400,6
45,1400,68
46,1400,56
47,1400,56
48,1400,149
49,1400,-11
50,1400,22
51,1400,42
52,1400,16
53,1400,75
54,1400,77
55,1400,52
56,1400,65
57,1400,51
58,1400,51
59,1400,44
60,1400,74
61,1400,80
62,1400,42
63,1400,-40
64,1400,86
65,1400,47
66,1400,171
67,1400,33
68,1400,-21
69,1400,8
70,1400,38
71,1400,74
72,1400,13
73,1400,56
74,1400,-91
75,1400,0
76,1400,34
77,1400,24
78,1400,25
79,1400,20
80,1400,5
81,1400,68
82,1400,52
83,1400,78
84,1400,139
85,1400,66
86,1400,-15
87,1400,46
88,1400,6
89,1400,51
90,1400,16
91,1400,20
92,1400,-20
93,1400,-35
94,1400,-61
95,1400,26
96,1400,-59
97,1400,-26
98,1400,80
99,1400,73
100,1400,2
101,1400,134
102,1400,-25
103,1400,122
104,1400,71
105,1400,46
106,1400,56
107,1400,-14
108,1400,-58
109,1400,31
110,1400,49
111,1400,44
112,1400,52
113,1400,36
114,1400,66
115,1400,81
116,1400,-41
117,1400,119
118,1400,-71
119,1400,40
120,1400,42
121,1400,64
122,1400,84
123,1400,47
124,1400,41
125,1400,36
126,1400,49
127,1400,9
128,1400,-4
129,1400,9
130,1400,65
131,1400,17
132,1400,16
133,1400,-53
134,1400,54
135,1400,110
136,1400,45
137,1400,30
138,1400,71
139,1400,-32
140,1400,-5
141,1400,-87
142,1400,32
143,1400,18
144,1400,14
145,1400,15
146,1400,-6
147,1400,156
148,1400,85
149,1400,73
150,1400,82
151,1400,7
152,1400,-21
153,1400,67
154,1400,-71
155,1400,25
156,1400,61
157,1400,39
158,1400,68
159,1400,79
160,1400,15
161,1400,20
162,1400,28
163,1400,37
164,1400,2
165,1400,62
166,1400,-42
167,1400,12
168,1400,-68
169,1400,59
170,1400,-67
171,1400,22
172,1400,-12
173,1400,35
174,1400,85
175,1400,33
176,1400,13
177,1400,32
178,1400,72
179,1400,-53
180,1400,2
181,1400,75
182,1400,72
183,1400,65
184,1400,63
185,1400,71
186,1400,93
187,1400,60
188,1400,68
189,1400,50
190,1400,30
191,1400,-89
192,1400,26
193,1400,10
194,1400,26
195,1400,47
196,1400,22
197,1400,40
198,1400,-24
199,1400,17
200,1400,22
201,1400,43
202,1400,-19
203,1400,69
204,1400,-71
205,1400,54
206,1400,52
207,1400,24
208,1400,55
209,1400,25
210,1400,26
211,1400,68
212,1400,31
213,1400,-7
214,1400,46
215,1400,9
216,1400,28
217,1400,-8
218,1400,26
219,1400,39
220,1400,16
221,1400,-2
222,1400,21
223,1400,33
224,1400,84
225,1400,20
226,1400,29
227,1400,76
228,1400,3
229,1400,17
230,1400,42
231,1400,22
232,1400,79
233,1400,59
234,1400,-4
235,1400,64
236,1400,124
237,1400,46
238,1400,18
239,1400,1
240,1400,46
241,1400,126
242,1400,68
243,1400,77
244,1400,76
245,1400,170
246,1400,11
247,1400,82
248,1400,76
249,1400,0
250,1400,131
251,1400,30
252,1400,15
253,1400,119
254,1400,66
255,1400,-3
256,1400,6
257,1400,-22
258,1400,58
259,1400,20
260,1400,15
261,1400,67
262,1400,19
263,1400,-19
264,1400,73
265,1400,9
266,1400,36
267,1400,60
268,1400,63
269,1400,29
270,1400,77
271,1400,3
272,1400,2
273,1400,125
274,1400,29
275,1400,-3
276,1400,71
277,1400,46
278,1400,61
279,1400,33
280,1400,64
281,1400,47
282,1400,-9
283,1400,18
284,1400,124
285,1400,-33
286,1400,21
287,1400,77
288,1400,11
289,1400,77
290,1400,-11
291,1400,68
292,1400,2
293,1400,114
294,1400,26
295,1400,10
296,1400,30
297,1400,78
298,1400,18
299,1400,7
300,1400,28
301,1400,43
302,1400,49
303,1400,58
304,1400,74
305,1400,63
306,1400,5
307,1400,31
308,1400,65
309,1400,22
310,1400,41
311,1400,66
312,1400,31
313,1400,36
314,1400,28
315,1400,15
316,1400,10
317,1400,43
318,1400,70
319,1400,0
320,1400,-14
321,1400,6
322,1400,-9
323,1400,75
324,1400,21
325,1400,86
326,1400,21
327,1400,48
328,1400,13
329,1400,150
330,1400,28
331,1400,26
332,1400,77
333,1400,21
334,1400,77
335,1400,20
336,1400,29
337,1400,1
338,1400,-15
339,1400,20
340,1400,32
341,1400,77
342,1400,35
343,1400,-21
344,1400,76
345,1400,108
346,1400,-15
347,1400,-11
348,1400,-72
349,1400,49
350,1400,66
351,1400,-6
352,1400,68
353,1400,31
354,1400,16
355,1400,-17
356,1400,21
357,1400,70
358,1400,4
359,1400,17
360,1400,-94
361,1400,-14
362,1400,69
363,1400,21
364,1400,71
365,1400,51
366,1400,-6
367,1400,40
368,1400,9
369,1400,40
370,1400,48
371,1400,-21
372,1400,6
373,1400,27
374,1400,1
375,1400,55
376,1400,64
377,1400,120
378,1400,85
379,1400,20
380,1400,-6
381,1400,66
382,1400,23
383,1400,15
384,1400,65
385,1400,82
386,1400,24
387,1400,25
388,1400,32
389,1400,78
390,1400,-54
391,1400,-11
392,1400,-1
393,1400,31
394,1400,26
395,1400,64
396,1400,-20
397,1400,123
398,1400,80
399,1400,49
400,1400,0
401,1400,-72
402,1400,82
403,1400,-58
404,1400,77
405,1400,41
406,1400,76
407,1400,48
408,1400,66
409,1400,6
410,1400,22
411,1400,69
412,1400,22
413,1400,15
414,1400,9
415,1400,7
416,1400,10
417,1400,64
418,1400,6
419,1400,5
420,1400,50
421,1400,64
422,1400,-12
423,1400,12
424,1400,70
425,1400,55
426,1400,5
427,1400,-22
428,1400,43
429,1400,60
430,1400,24
431,1400,64
432,1400,3
433,1400,-5
434,1400,29
"10/27/2023, 15:42:34"
0,0,0
1,1200,55
2,1200,19
3,1200,82
4,1200,134
5,1200,34
6,1200,51
7,1200,83
8,1200,40
9,1200,43
10,1200,78
11,1200,133
12,1200,35
13,1200,100
14,1200,50
15,1200,72
16,1200,41
17,1200,72
18,1200,98
19,1200,42
20,1200,63
21,1200,81
22,1200,54
23,1200,31
24,1200,56
25,1200,152
26,1200,29
27,1200,50
28,1200,67
29,1200,52
30,1200,34
31,1200,54
32,1200,95
33,1200,48
34,1200,75
35,1200,79
36,1200,40
37,1200,80
38,1200,52
39,1200,18
40,1200,10
41,1200,23
42,1200,44
43,1200,37
44,1200,60
45,1200,53
46,1200,77
47,1200,22
48,1200,74
49,1200,96
50,1200,61
51,1200,67
52,1200,113
53,1200,49
54,1200,56
55,1200,56
56,1200,41
57,1200,-40
58,1200,19
59,1200,52
60,1200,36
61,1200,103
62,1200,10
63,1200,80
64,1200,76
65,1200,94
66,1200,36
67,1200,29
68,1200,60
69,1200,84
70,1200,-5
71,1200,38
72,1200,19
73,1200,84
74,1200,104
75,1200,38
76,1200,28
77,1200,58
78,1200,75
79,1200,30
80,1200,97
81,1200,97
82,1200,56
83,1200,73
84,1200,151
85,1200,59
86,1200,35
87,1200,48
88,1200,47
89,1200,42
90,1200,42
91,1200,59
92,1200,136
93,1200,24
94,1200,22
95,1200,20
96,1200,-1
97,1200,90
98,1200,116
99,1200,81
100,1200,49
101,1200,-38
102,1200,28
103,1200,22
104,1200,18
105,1200,-30
106,1200,72
107,1200,21
108,1200,35
109,1200,48
110,1200,52
111,1200,74
112,1200,34
113,1200,59
114,1200,76
115,1200,38
116,1200,48
117,1200,48
118,1200,193
119,1200,28
120,1200,22
121,1200,55
122,1200,50
123,1200,56
124,1200,33
125,1200,25
126,1200,-57
127,1200,17
128,1200,46
129,1200,86
130,1200,60
131,1200,210
"10/27/2023, 20:42:40"
0,0,0
1,900,116
"10/27/2023, 20:44:31"
0,0,0
1,700,99
2,700,153
3,700,107
4,700,78
5,700,137
6,700,50
7,700,81
8,700,37
9,700,148
10,700,89
11,700,137
12,700,144
13,700,141
14,700,104
"10/27/2023, 21:56:18"
0,0,0
1,100,-2
2,100,-2
3,100,-2
"10/27/2023, 21:57:26"
0,0,0
1,100,-2
2,100,-2
3,100,-2
"10/27/2023, 23:06:51"
0,0,0
1,100,-4
2,100,-4
"10/27/2023, 23:07:55"
0,0,0
1,600,-24
2,600,-21
3,600,-24
4,600,-24
"10/27/2023, 23:10:40"
0,0,0
1,600,-24
"10/27/2023, 23:11:53"
0,0,0
1,300,-13
2,300,-13
3,300,-13
4,300,-13
5,300,-13
6,300,-13
7,300,-13
8,300,-13
9,300,-12
10,300,-13
11,300,-12
12,300,-14
13,300,-11
14,300,-11
15,300,-10
16,300,-13
17,300,-11
18,300,-11
19,300,-10
20,300,-10
21,300,-12
22,300,-11
23,300,-10
24,300,-10
25,300,0
26,300,4
27,300,-9
28,300,-12
29,300,-2
30,300,0
31,300,-9
32,300,-3
33,300,-3
34,300,-8
35,300,-4
36,300,8
37,300,23
38,300,20
39,300,-6
40,300,3
41,300,7
42,300,9
43,300,0
44,300,-2
45,300,-1
46,300,14
47,300,13
48,300,36
49,300,21
50,300,15
51,300,-9
52,300,3
53,300,4
54,300,10
55,300,36
56,300,1
57,300,45
58,300,17
"10/27/2023, 23:27:23"
0,0,0
1,700,-12
2,700,38
3,700,-24
4,700,-16
5,700,30
6,700,-12
7,700,-26
8,700,-16
9,700,2
10,700,111
11,700,27
12,700,-2
13,700,21
14,700,-2
15,700,133
16,700,64
17,700,51
18,700,-1
19,700,73
20,700,121
21,700,113
22,700,181
23,700,146
24,700,116
25,700,84
26,700,131
27,700,128
28,700,14
29,700,191
30,700,51
31,700,169
32,700,49
33,700,138
34,700,172
35,700,178
36,700,147
37,700,165
38,700,140
39,700,160
40,700,138
41,700,92
42,700,125
43,700,144
44,700,156
45,700,226
46,700,173
47,700,174
48,700,79
49,700,202
50,700,188
51,700,184
52,700,155
53,700,190
54,700,183
55,700,178
56,700,182
57,700,226
58,700,231
59,700,264
60,700,251
61,700,243
62,700,231
63,700,263
64,700,240
65,700,239
66,700,247
67,700,183
68,700,176
69,700,220
70,700,220
71,700,236
72,700,225
73,700,222
74,700,183
75,700,202
76,700,159
77,700,212
78,700,216
79,700,227
80,700,245
81,700,258
82,700,225
83,700,223
84,700,255
85,700,261
86,700,248
87,700,229
88,700,237
89,700,237
90,700,176
91,700,255
92,700,230
93,700,236
94,700,222
95,700,254
96,700,210
97,700,225
98,700,226
99,700,230
100,700,239
101,700,248
102,700,243
103,700,250
104,700,168
105,700,238
106,700,251
107,700,192
108,700,189
109,700,245
110,700,235
111,700,247
112,700,180
113,700,203
114,700,230
"10/28/2023, 00:34:37"
0,0,0
1,900,253
2,900,236
3,900,217
4,900,264
5,900,284
6,900,242
7,900,180
8,900,177
9,900,270
10,900,225
11,900,244
12,900,234
13,900,215
"10/28/2023, 00:45:21"
0,0,0
1,1000,215
2,1000,219
3,1000,167
4,1000,258
5,1000,181
6,1000,243
7,1000,156
8,1000,207
9,1000,179
10,1000,222
11,1000,241
12,1000,200
13,1000,218
14,1000,215
15,1000,203
16,1000,188
17,1000,147
18,1000,221
19,1000,230
20,1000,178
21,1000,303
22,1000,212
23,1000,166
24,1000,227
25,1000,206
26,1000,212
27,1000,154
28,1000,169
29,1000,218
30,1000,225
31,1000,210
32,1000,200
33,1000,181
34,1000,188
35,1000,213
36,1000,204
37,1000,201
"10/28/2023, 11:54:03"
0,0,0
1,500,134
2,500,161
3,500,125
4,500,158
5,500,139
6,500,195
7,500,195
8,500,187
9,500,181
"10/28/2023, 11:59:56"
0,0,0
1,500,186
2,500,188
3,500,181
4,500,183
5,500,190
6,500,178
7,500,175
8,500,-22
9,500,-20
10,500,-22
11,500,-21
"10/28/2023, 12:10:57"
0,0,0
1,500,-18
2,500,-4
3,500,-21
4,500,-23
5,500,-12
6,500,-10
"10/28/2023, 12:15:17"
0,0,0
1,500,-18
2,500,-18
3,500,-22
4,500,-11
5,500,-23
6,500,-24
7,500,-11
8,500,-21
9,500,-23
10,500,-22
11,500,-22
12,500,-20
13,500,-15
14,500,-24
15,500,-23
16,500,-23
17,500,-23
18,500,-24
19,500,-24
20,500,-24
"10/28/2023, 12:24:03"
0,0,0
1,500,-20
2,500,-24
3,500,-24
4,500,-21
5,500,-24
6,500,-24
7,500,-23
8,500,-20
9,500,0
"10/28/2023, 16:30:46"
0,0,0
1,500,-5
2,500,9
3,500,-12
4,500,-13
5,500,-19
6,500,-20
7,500,-13
8,500,-13
9,500,-2
10,500,-24
11,500,0
12,500,-16
13,500,-12
"10/28/2023, 16:41:44"
"10/28/2023, 16:46:56"
0,0,0
1,500,-17
2,500,19
3,500,-9
4,500,-19
5,500,-32
6,500,0
7,500,12
8,500,-10
9,500,0
10,500,-22
11,500,-12
12,500,-32
13,500,-13
14,500,-9
15,500,14
16,500,20
17,500,20
18,500,5
19,500,-17
20,500,-14
21,500,-21
22,500,-19
23,500,-22
24,500,31
25,500,-23
26,500,-35
27,500,-24
28,500,-24
29,500,-24
30,500,-18
31,500,-14
32,500,-21
33,500,-37
34,500,-23
35,500,-23
36,500,-23
37,500,-23
38,500,-23
39,500,-23
40,500,-23
41,500,-19
42,500,10
43,500,-24
44,500,-35
45,500,-30
46,500,-25
47,500,-18
48,500,-19
49,500,-21
50,500,-22
51,500,-15
52,500,-17
53,500,-19
54,500,-18
"10/28/2023, 17:11:35"
0,0,0
1,500,-24
2,500,-17
3,500,-17
4,500,-8
5,500,-16
6,500,-18
7,500,-15
8,500,-10
9,500,-10
10,500,-21
11,500,-15
12,500,-24
13,500,-16
14,500,-15
15,500,-20
16,500,-22
17,500,-12
18,500,-10
19,500,-21
20,500,-17
21,500,41
22,500,-28
23,500,-24
24,500,-12
25,500,-18
26,500,1
27,500,-10
28,500,-9
29,500,-7
30,500,-16
31,500,-8
32,500,71
33,500,17
34,500,-11
35,500,-16
36,500,-9
37,500,-3
38,500,-14
39,500,-18
40,500,23
41,500,-36
42,500,-9
43,500,-11
44,500,7
45,500,-20
46,500,-35
47,500,-8
48,500,-36
49,500,3
50,500,-5
51,500,-13
52,500,-28
53,500,31
54,500,26
55,500,5
56,500,-23
57,500,0
58,500,-8
59,500,-1
60,500,83
61,500,27
62,500,89
63,500,16
64,500,71
65,500,63
66,500,135
67,500,25
68,500,105
69,500,57
70,500,-15
71,500,70
72,500,59
73,500,0
74,500,-13
75,500,14
76,500,-22
77,500,43
78,500,49
79,500,126
80,500,142
81,500,50
82,500,30
83,500,24
84,500,147
85,500,71
86,500,154
87,500,152
88,500,165
89,500,149
90,500,135
91,500,153
92,500,130
93,500,155
94,500,154
95,500,137
96,500,129
97,500,114
98,500,129
99,500,158
100,500,120
101,500,159
102,500,123
103,500,145
104,500,112
105,500,117
106,500,135
107,500,143
108,500,139
109,500,160
110,500,139
111,500,100
112,500,99
113,500,168
114,500,151
115,500,114
116,500,147
117,500,141
118,500,137
119,500,144
120,500,106
121,500,127
122,500,7
123,500,134
124,500,157
125,500,132
126,500,168
127,500,129
128,500,157
129,500,162
130,500,153
131,500,133
132,500,129
133,500,136
134,500,136
135,500,164
136,500,162
137,500,133
138,500,161
139,500,149
140,500,115
141,500,138
142,500,163
143,500,181
144,500,152
145,500,157
146,500,172
147,500,141
148,500,141
149,500,29
150,500,148
151,500,157
152,500,178
153,500,165
154,500,157
155,500,176
156,500,183
157,500,157
158,500,177
159,500,186
160,500,150
161,500,127
162,500,177
163,500,125
164,500,184
165,500,154
166,500,70
167,500,177
168,500,162
169,500,190
170,500,154
171,500,163
172,500,171
173,500,167
174,500,176
175,500,176
176,500,172
177,500,164
178,500,179
179,500,163
180,500,162
181,500,187
182,500,156
183,500,169
184,500,182
185,500,186
186,500,183
187,500,195
188,500,175
189,500,191
190,500,186
191,500,189
192,500,175
193,500,199
194,500,177
195,500,178
196,500,202
197,500,204
198,500,196
199,500,188
200,500,194
201,500,194
202,500,183
203,500,178
204,500,190
205,500,204
206,500,201
207,500,203
208,500,201
209,500,176
210,500,189
211,500,185
212,500,199
213,500,188
214,500,186
215,500,201
216,500,186
217,500,198
218,500,175
219,500,203
220,500,211
221,500,192
222,500,126
223,500,198
224,500,198
225,500,192
226,500,194
227,500,197
228,500,188
229,500,201
230,500,185
231,500,192
232,500,185
233,500,195
234,500,193
235,500,194
236,500,197
237,500,192
238,500,170
239,500,165
240,500,190
241,500,196
242,500,152
243,500,177
244,500,183
245,500,193
246,500,177
247,500,181
248,500,193
249,500,192
250,500,197
251,500,191
252,500,190
253,500,184
254,500,190
255,500,161
256,500,181
257,500,204
258,500,185
259,500,51
260,500,175
261,500,188
262,500,196
263,500,196
264,500,199
265,500,196
266,500,193
267,500,197
268,500,186
269,500,194
270,500,194
271,500,190
272,500,184
273,500,193
274,500,181
275,500,185
276,500,190
277,500,193
278,500,195
279,500,198
280,500,192
281,500,202
282,500,206
283,500,184
284,500,192
285,500,194
286,500,198
287,500,194
288,500,117
289,500,200
290,500,183
291,500,198
292,500,153
293,500,187
294,500,180
295,500,186
296,500,47
297,500,190
298,500,190
299,500,203
300,500,196
301,500,197
302,500,196
303,500,198
304,500,200
305,500,183
306,500,195
307,500,192
308,500,183
309,500,192
310,500,186
311,500,195
312,500,175
313,500,199
314,500,192
315,500,200
316,500,194
317,500,196
318,500,201
319,500,197
320,500,174
321,500,196
322,500,199
323,500,198
324,500,199
325,500,167
326,500,188
327,500,193
328,500,194
329,500,198
330,500,189
331,500,195
332,500,197
333,500,137
334,500,194
335,500,195
336,500,196
337,500,204
338,500,204
339,500,198
340,500,199
341,500,201
342,500,196
343,500,178
344,500,195
345,500,201
346,500,195
347,500,195
348,500,199
349,500,198
350,500,193
351,500,197
352,500,205
353,500,194
354,500,191
355,500,198
356,500,207
357,500,189
358,500,192
359,500,195
360,500,204
361,500,195
362,500,190
363,500,203
364,500,202
365,500,201
366,500,196
367,500,190
368,500,195
369,500,207
370,500,205
371,500,209
372,500,217
373,500,201
374,500,192
375,500,192
376,500,205
377,500,191
378,500,199
379,500,200
380,500,201
381,500,187
382,500,169
383,500,191
384,500,196
385,500,197
386,500,195
387,500,194
388,500,203
389,500,191
390,500,197
391,500,188
392,500,194
393,500,204
394,500,178
395,500,194
396,500,201
397,500,187
398,500,203
399,500,200
400,500,196
401,500,197
402,500,201
403,500,196
404,500,197
405,500,193
406,500,186
407,500,191
408,500,196
409,500,198
410,500,-14
411,500,193
412,500,190
413,500,201
414,500,198
415,500,189
416,500,201
417,500,195
418,500,190
419,500,195
420,500,195
421,500,204
422,500,195
423,500,203
424,500,188
425,500,204
426,500,200
427,500,203
428,500,195
429,500,202
430,500,198
431,500,200
432,500,192
433,500,188
434,500,185
435,500,195
436,500,200
437,500,205
438,500,126
439,500,198
440,500,199
441,500,194
442,500,205
443,500,194
444,500,185
445,500,177
446,500,196
447,500,189
448,500,182
449,500,181
450,500,190
451,500,197
452,500,199
453,500,181
454,500,180
455,500,202
456,500,188
457,500,191
458,500,194
459,500,184
460,500,203
461,500,197
462,500,195
463,500,183
464,500,199
465,500,195
466,500,203
467,500,190
468,500,200
469,500,196
470,500,199
471,500,196
472,500,199
473,500,186
474,500,184
475,500,198
476,500,199
477,500,193
478,500,182
479,500,195
480,500,193
481,500,190
482,500,192
483,500,193
484,500,198
485,500,192
486,500,206
487,500,175
488,500,200
489,500,192
490,500,205
491,500,196
492,500,202
493,500,197
494,500,192
495,500,202
496,500,175
497,500,200
498,500,190
499,500,205
500,500,200
501,500,203
502,500,198
503,500,207
504,500,199
505,500,190
506,500,207
507,500,174
508,500,190
509,500,205
510,500,195
511,500,205
512,500,201
513,500,204
514,500,199
515,500,200
516,500,199
517,500,193
518,500,199
519,500,201
520,500,202
521,500,200
522,500,201
523,500,200
524,500,202
525,500,195
526,500,139
527,500,193
528,500,194
529,500,194
530,500,203
531,500,194
532,500,206
533,500,206
534,500,205
535,500,188
536,500,192
537,500,203
538,500,197
539,500,192
540,500,196
541,500,188
542,500,203
543,500,201
544,500,195
545,500,196
546,500,201
547,500,198
548,500,198
549,500,204
550,500,198
551,500,191
552,500,191
553,500,202
554,500,200
555,500,202
556,500,198
557,500,202
558,500,200
559,500,195
560,500,185
561,500,205
562,500,192
563,500,191
564,500,201
565,500,106
566,500,203
567,500,205
568,500,200
569,500,204
570,500,195
571,500,161
572,500,198
573,500,174
574,500,190
575,500,193
576,500,204
577,500,201
578,500,198
579,500,195
580,500,204
581,500,203
582,500,203
583,500,197
584,500,195
585,500,201
586,500,194
587,500,199
588,500,195
589,500,202
590,500,197
591,500,198
592,500,200
593,500,184
594,500,198
595,500,202
596,500,145
597,500,203
598,500,197
599,500,205
600,500,201
601,500,198
602,500,199
603,500,203
604,500,189
605,500,222
606,500,198
607,500,188
608,500,202
609,500,201
610,500,207
611,500,203
612,500,204
613,500,201
614,500,193
615,500,198
616,500,188
617,500,200
618,500,198
619,500,204
620,500,203
621,500,184
622,500,203
623,500,178
624,500,205
625,500,200
626,500,203
627,500,198
628,500,197
629,500,199
630,500,203
631,500,204
632,500,194
633,500,202
634,500,204
635,500,194
636,500,168
637,500,200
638,500,203
639,500,203
640,500,200
641,500,177
642,500,198
643,500,197
644,500,218
645,500,200
646,500,196
647,500,178
648,500,183
649,500,203
650,500,196
651,500,199
652,500,199
653,500,203
654,500,200
655,500,203
656,500,205
"10/28/2023, 21:53:29"
0,0,0
1,750,-19
2,750,342
3,750,321
4,750,317
5,750,301
6,750,312
7,750,226
8,750,313
9,750,340
10,750,294
11,750,270
12,750,332
13,750,310
14,750,333
15,750,321
16,750,236
17,750,323
18,750,235
19,750,279
20,750,317
21,750,319
22,750,293
23,750,301
24,750,310
25,750,257
26,750,221
27,750,274
28,750,308
29,750,337
30,750,336
31,750,334
32,750,273
33,750,237
34,750,291
35,750,280
36,750,298
37,750,339
38,750,330
39,750,203
40,750,331
41,750,175
42,750,263
43,750,263
44,750,296
45,750,330
46,750,298
47,750,294
48,750,302
49,750,318
50,750,291
51,750,297
52,750,343
53,750,332
54,750,203
55,750,271
56,750,312
57,750,331
58,750,337
59,750,307
60,750,326
61,750,357
62,750,337
63,750,324
64,750,309
65,750,275
66,750,322
67,750,335
68,750,316
69,750,319
70,750,334
71,750,323
72,750,333
73,750,315
74,750,319
75,750,334
76,750,311
77,750,321
78,750,327
79,750,331
80,750,283
81,750,220
82,750,317
83,750,331
84,750,310
85,750,270
86,750,307
87,750,256
88,750,326
89,750,326
90,750,317
91,750,277
92,750,327
93,750,271
94,750,173
95,750,306
96,750,312
97,750,300
98,750,324
99,750,323
100,750,286
101,750,337
102,750,247
103,750,295
104,750,264
105,750,94
106,750,308
107,750,327
108,750,345
109,750,185
110,750,285
111,750,316
112,750,317
113,750,254
114,750,308
115,750,322
116,750,325
117,750,353
118,750,282
119,750,300
120,750,335
121,750,302
122,750,328
123,750,308
124,750,327
125,750,321
126,750,336
127,750,273
128,750,256
129,750,305
130,750,336
131,750,327
132,750,328
133,750,314
134,750,318
135,750,307
136,750,298
137,750,5
138,750,320
139,750,333
140,750,293
141,750,302
142,750,315
143,750,333
144,750,326
145,750,292
146,750,307
147,750,329
148,750,309
149,750,322
150,750,315
151,750,318
152,750,335
153,750,309
154,750,310
155,750,328
156,750,346
157,750,325
158,750,278
159,750,318
160,750,326
161,750,321
162,750,301
163,750,305
164,750,332
165,750,197
166,750,334
167,750,334
168,750,347
169,750,323
170,750,231
171,750,336
172,750,337
173,750,328
174,750,332
175,750,330
176,750,343
177,750,338
178,750,338
179,750,327
180,750,342
181,750,322
182,750,323
183,750,352
184,750,344
185,750,262
186,750,338
187,750,340
188,750,340
189,750,321
190,750,360
191,750,332
192,750,358
193,750,111
194,750,343
195,750,311
196,750,309
197,750,315
198,750,345
199,750,358
200,750,341
201,750,304
202,750,339
203,750,318
204,750,339
205,750,352
206,750,296
207,750,338
208,750,309
209,750,317
210,750,341
211,750,300
212,750,325
213,750,351
214,750,343
215,750,347
216,750,365
217,750,360
218,750,327
219,750,299
220,750,334
221,750,-20
222,750,336
223,750,313
224,750,305
225,750,342
226,750,352
227,750,361
228,750,313
229,750,330
230,750,290
231,750,289
232,750,286
233,750,320
234,750,349
235,750,338
236,750,334
237,750,335
238,750,342
239,750,344
240,750,294
241,750,334
242,750,339
243,750,334
244,750,317
245,750,335
246,750,309
247,750,333
248,750,-41
249,750,350
250,750,336
251,750,336
252,750,329
253,750,339
254,750,326
255,750,332
256,750,328
257,750,367
258,750,333
259,750,349
260,750,328
261,750,328
262,750,324
263,750,326
264,750,323
265,750,318
266,750,341
267,750,305
268,750,328
269,750,332
270,750,366
271,750,353
272,750,322
273,750,336
274,750,-10
275,750,346
276,750,349
277,750,338
278,750,350
279,750,233
280,750,287
281,750,285
282,750,320
283,750,331
284,750,372
285,750,326
286,750,327
287,750,326
288,750,366
289,750,316
290,750,333
291,750,314
292,750,334
293,750,333
294,750,285
295,750,361
296,750,343
297,750,324
298,750,317
299,750,317
300,750,200
301,750,349
302,750,301
303,750,354
304,750,311
305,750,336
306,750,311
307,750,342
308,750,352
309,750,346
310,750,322
311,750,338
312,750,334
313,750,343
314,750,350
315,750,326
316,750,331
317,750,362
318,750,341
319,750,292
320,750,333
321,750,358
322,750,332
323,750,330
324,750,305
325,750,297
326,750,354
327,750,-24
328,750,344
329,750,341
330,750,345
331,750,310
332,750,247
333,750,329
334,750,354
335,750,334
336,750,337
337,750,348
338,750,349
339,750,338
340,750,345
341,750,342
342,750,346
343,750,355
344,750,333
345,750,332
346,750,342
347,750,356
348,750,310
349,750,324
350,750,360
351,750,335
352,750,360
353,750,203
354,750,334
355,750,354
356,750,142
357,750,322
358,750,357
359,750,217
360,750,298
361,750,288
362,750,343
363,750,340
364,750,313
365,750,337
366,750,362
367,750,318
368,750,314
369,750,291
370,750,353
371,750,193
372,750,-3
373,750,349
374,750,291
375,750,358
376,750,328
377,750,343
378,750,325
379,750,354
380,750,17
381,750,342
382,750,319
383,750,341
384,750,352
385,750,343
386,750,355
387,750,352
388,750,288
389,750,342
390,750,349
391,750,355
392,750,358
393,750,176
394,750,372
395,750,360
396,750,365
397,750,347
398,750,359
399,750,347
400,750,363
401,750,157
402,750,348
403,750,351
404,750,364
405,750,350
406,750,321
407,750,325
408,750,349
409,750,258
410,750,357
411,750,347
412,750,262
413,750,355
414,750,351
415,750,383
416,750,345
417,750,355
418,750,325
419,750,340
420,750,342
421,750,359
422,750,336
423,750,334
424,750,334
425,750,210
426,750,348
427,750,335
428,750,347
429,750,341
430,750,346
431,750,323
432,750,317
433,750,259
434,750,325
435,750,368
436,750,217
437,750,325
438,750,379
439,750,-20
440,750,304
441,750,325
442,750,346
443,750,377
444,750,53
445,750,365
446,750,375
447,750,-31
448,750,338
449,750,343
450,750,310
451,750,339
"10/29/2023, 08:38:10"
0,0,0
1,1000,-19
2,1000,401
3,1000,423
4,1000,347
5,1000,-44
6,1000,222
7,1000,-42
8,1000,-43
9,1000,-45
10,1000,397
11,1000,429
12,1000,444
13,1000,442
14,1000,395
15,1000,364
16,1000,444
17,1000,420
18,1000,428
19,1000,415
20,1000,360
21,1000,420
22,1000,426
23,1000,388
24,1000,367
25,1000,402
26,1000,406
27,1000,420
28,1000,430
29,1000,454
30,1000,440
31,1000,359
32,1000,360
33,1000,414
34,1000,330
35,1000,381
36,1000,380
37,1000,397
38,1000,402
39,1000,353
40,1000,127
41,1000,360
42,1000,367
43,1000,358
44,1000,407
45,1000,419
46,1000,418
47,1000,360
48,1000,-44
49,1000,336
50,1000,390
51,1000,373
52,1000,378
53,1000,354
54,1000,345
55,1000,362
56,1000,355
57,1000,365
58,1000,340
59,1000,305
60,1000,365
61,1000,356
62,1000,355
63,1000,360
64,1000,362
65,1000,345
66,1000,362
67,1000,327
68,1000,352
69,1000,425
70,1000,333
71,1000,347
72,1000,339
73,1000,335
74,1000,431
75,1000,323
76,1000,378
77,1000,310
78,1000,327
79,1000,355
80,1000,315
81,1000,362
82,1000,210
83,1000,330
84,1000,364
85,1000,374
86,1000,316
87,1000,366
88,1000,295
89,1000,312
90,1000,357
91,1000,324
92,1000,348
93,1000,319
94,1000,302
95,1000,248
96,1000,377
97,1000,197
98,1000,13
99,1000,241
100,1000,320
101,1000,283
102,1000,299
103,1000,313
104,1000,325
105,1000,305
106,1000,301
107,1000,316
108,1000,319
109,1000,-25
110,1000,335
111,1000,352
112,1000,403
113,1000,319
114,1000,316
115,1000,306
116,1000,293
117,1000,305
118,1000,303
119,1000,305
120,1000,298
121,1000,310
122,1000,330
123,1000,311
124,1000,315
125,1000,311
126,1000,300
127,1000,291
128,1000,307
129,1000,303
130,1000,306
131,1000,305
132,1000,257
133,1000,235
134,1000,236
135,1000,291
136,1000,-47
137,1000,308
138,1000,309
139,1000,290
140,1000,310
141,1000,291
142,1000,291
143,1000,287
144,1000,296
145,1000,191
146,1000,316
147,1000,314
148,1000,310
149,1000,304
150,1000,311
151,1000,296
152,1000,305
153,1000,299
154,1000,294
155,1000,35
156,1000,293
157,1000,296
158,1000,322
159,1000,307
160,1000,319
161,1000,290
162,1000,309
163,1000,299
164,1000,304
165,1000,300
166,1000,264
167,1000,306
168,1000,315
169,1000,294
170,1000,303
171,1000,312
172,1000,309
173,1000,298
174,1000,147
175,1000,294
176,1000,295
177,1000,322
178,1000,310
179,1000,297
180,1000,300
181,1000,277
182,1000,292
183,1000,294
184,1000,308
185,1000,307
186,1000,308
187,1000,310
188,1000,301
189,1000,341
190,1000,313
191,1000,323
192,1000,316
193,1000,203
194,1000,313
195,1000,294
196,1000,304
197,1000,303
198,1000,203
199,1000,312
200,1000,303
201,1000,235
202,1000,314
203,1000,296
204,1000,212
205,1000,41
206,1000,207
207,1000,-17
208,1000,321
209,1000,310
210,1000,308
211,1000,309
212,1000,311
213,1000,-26
214,1000,319
215,1000,305
216,1000,229
217,1000,321
218,1000,306
219,1000,306
220,1000,298
221,1000,239
222,1000,316
223,1000,311
224,1000,311
225,1000,340
226,1000,327
227,1000,318
228,1000,329
229,1000,318
230,1000,328
231,1000,312
232,1000,0
233,1000,329
234,1000,313
235,1000,298
236,1000,-16
237,1000,314
238,1000,299
239,1000,316
240,1000,304
241,1000,309
242,1000,319
243,1000,308
244,1000,314
245,1000,240
246,1000,321
247,1000,318
248,1000,314
249,1000,319
250,1000,316
251,1000,252
252,1000,304
253,1000,248
254,1000,313
255,1000,293
256,1000,313
257,1000,310
258,1000,317
259,1000,314
260,1000,297
261,1000,313
262,1000,319
263,1000,305
264,1000,322
265,1000,323
266,1000,319
267,1000,319
268,1000,315
269,1000,11
270,1000,294
271,1000,-13
272,1000,320
273,1000,325
274,1000,311
275,1000,-1
276,1000,316
277,1000,314
278,1000,330
279,1000,302
280,1000,328
281,1000,318
282,1000,298
283,1000,223
284,1000,323
285,1000,240
286,1000,258
287,1000,235
288,1000,238
289,1000,301
290,1000,236
291,1000,309
292,1000,310
293,1000,319
294,1000,237
295,1000,320
296,1000,317
297,1000,307
298,1000,326
299,1000,320
300,1000,317
301,1000,332
302,1000,302
303,1000,311
304,1000,303
305,1000,333
306,1000,324
307,1000,359
308,1000,331
309,1000,315
310,1000,1
311,1000,332
312,1000,41
313,1000,316
314,1000,309
315,1000,318
316,1000,310
317,1000,323
318,1000,-24
319,1000,301
320,1000,307
321,1000,302
322,1000,309
323,1000,311
324,1000,320
325,1000,332
326,1000,336
327,1000,298
328,1000,296
329,1000,245
330,1000,-48
331,1000,240
332,1000,-1
333,1000,318
334,1000,241
335,1000,333
336,1000,326
337,1000,310
338,1000,295
339,1000,302
340,1000,307
341,1000,294
342,1000,320
343,1000,291
344,1000,219
345,1000,289
346,1000,213
347,1000,296
348,1000,207
349,1000,220
350,1000,118
351,1000,300
352,1000,225
353,1000,228
354,1000,227
355,1000,313
356,1000,300
357,1000,283
358,1000,289
359,1000,322
360,1000,235
361,1000,303
362,1000,249
363,1000,236
364,1000,214
365,1000,285
366,1000,17
367,1000,301
368,1000,210
369,1000,239
370,1000,51
371,1000,334
372,1000,223
373,1000,309
374,1000,286
375,1000,299
376,1000,275
377,1000,235
378,1000,284
379,1000,236
380,1000,235
381,1000,311
382,1000,333
383,1000,307
384,1000,294
385,1000,335
386,1000,-36
387,1000,308
388,1000,-45
389,1000,238
390,1000,-48
391,1000,315
392,1000,334
393,1000,244
394,1000,239
395,1000,307
396,1000,316
397,1000,307
398,1000,313
399,1000,308
400,1000,303
401,1000,313
402,1000,314
403,1000,331
404,1000,336
405,1000,315
406,1000,319
407,1000,315
408,1000,321
409,1000,316
410,1000,-43
411,1000,315
412,1000,-47
413,1000,318
414,1000,313
415,1000,320
416,1000,327
417,1000,310
418,1000,316
419,1000,301
420,1000,313
421,1000,317
422,1000,309
423,1000,315
424,1000,307
425,1000,317
426,1000,313
427,1000,300
428,1000,294
429,1000,308
430,1000,-49
431,1000,318
432,1000,290
433,1000,315
434,1000,315
435,1000,311
436,1000,313
437,1000,320
438,1000,301
439,1000,322
440,1000,301
441,1000,294
442,1000,294
443,1000,295
444,1000,300
445,1000,313
446,1000,305
447,1000,311
448,1000,301
449,1000,318
450,1000,-47
451,1000,399
452,1000,310
453,1000,309
454,1000,300
455,1000,317
456,1000,315
457,1000,296
458,1000,298
459,1000,337
460,1000,300
461,1000,319
462,1000,298
463,1000,305
464,1000,306
465,1000,271
466,1000,303
467,1000,288
468,1000,-41
469,1000,305
"10/29/2023, 15:33:36"
0,0,0
1,1,0
