174894,1365065,0,0
174820,1365065,1,0.0677506775067751
174669,1365065,2,0.13550135501355
174432,1365065,3,0.203252032520325
174108,1365065,4,0.2710027100271
173699,1365065,5,0.338753387533875
173200,1365065,6,0.40650406504065
172614,1365065,7,0.474254742547426
171939,1365065,8,0.542005420054201
171175,1365065,9,0.609756097560976
170322,1365065,10,0.677506775067751
169378,1365065,11,0.745257452574526
168347,1365065,12,0.813008130081301
167225,1365065,13,0.880758807588076
166016,1365065,14,0.948509485094851
164715,1365065,15,1.01626016260163
163327,1365065,16,1.0840108401084
161852,1365065,17,1.15176151761518
160292,1365065,18,1.21951219512195
158647,1365065,19,1.28726287262873
156932,1365065,20,1.3550135501355
155148,1365065,21,1.42276422764228
153296,1365065,22,1.49051490514905
151377,1365065,23,1.55826558265583
149396,1365065,24,1.6260162601626
147347,1365065,25,1.69376693766938
145238,1365065,26,1.76151761517615
143063,1365065,27,1.82926829268293
140825,1365065,28,1.8970189701897
138524,1365065,29,1.96476964769648
136166,1365065,30,2.03252032520325
133743,1365065,31,2.10027100271003
131259,1365065,32,2.1680216802168
128714,1365065,33,2.23577235772358
126109,1365065,34,2.30352303523035
123444,1365065,35,2.37127371273713
120718,1365065,36,2.4390243902439
117937,1365065,37,2.50677506775068
115094,1365065,38,2.57452574525745
112193,1365065,39,2.64227642276423
109236,1365065,40,2.710027100271
106223,1365065,41,2.77777777777778
103157,1365065,42,2.84552845528455
100038,1365065,43,2.91327913279133
96867,1365065,44,2.9810298102981
93647,1365065,45,3.04878048780488
90383,1365065,46,3.11653116531165
87070,1365065,47,3.18428184281843
83711,1365065,48,3.2520325203252
80308,1365065,49,3.31978319783198
76873,1365065,50,3.38753387533875
73421,1365130,51,3.45528455284553
69941,1365187,52,3.5230352303523
66440,1365243,53,3.59078590785908
62912,1365303,54,3.65853658536585
59343,1365370,55,3.72628726287263
55726,1365448,56,3.7940379403794
52059,1365538,57,3.86178861788618
48344,1365639,58,3.92953929539295
44580,1365750,59,3.99728997289973
40768,1365871,60,4.0650406504065
36908,1366000,61,4.13279132791328
32999,1366137,62,4.20054200542005
29041,1366279,63,4.26829268292683
25036,1366425,64,4.3360433604336
20984,1366575,65,4.40379403794038
16884,1366726,66,4.47154471544716
12737,1366879,67,4.53929539295393
8543,1367034,68,4.6070460704607
4302,1367190,69,4.67479674796748
13,1367332,70,4.74254742547426
-4323,1367481,71,4.81029810298103
-8705,1367634,72,4.87804878048781
-13134,1367788,73,4.94579945799458
-17611,1367944,74,5.01355013550136
-22134,1368102,75,5.08130081300813
-26701,1368262,76,5.14905149051491
-31315,1368424,77,5.21680216802168
-35975,1368588,78,5.28455284552846
-40681,1368752,79,5.35230352303523
-45433,1368915,80,5.42005420054201
-50229,1369082,81,5.48780487804878
-55070,1369251,82,5.55555555555556
-59955,1369419,83,5.62330623306233
-64885,1369588,84,5.69105691056911
-69854,1369757,85,5.75880758807588
-74869,1369926,86,5.82655826558266
-79926,1370092,87,5.89430894308943
-85026,1370255,88,5.96205962059621
-90167,1370410,89,6.02981029810298
-95349,1370560,90,6.09756097560976
-100570,1370702,91,6.16531165311653
-105832,1370837,92,6.23306233062331
-111133,1370967,93,6.30081300813008
-116472,1371088,94,6.36856368563686
-121849,1371204,95,6.43631436314363
-127263,1371313,96,6.50406504065041
-132714,1371415,97,6.57181571815718
-138201,1371513,98,6.63956639566396
-143724,1371598,99,6.70731707317073
-149280,1371682,100,6.77506775067751
-154872,1371762,101,6.84281842818428
-160498,1371838,102,6.91056910569106
-166159,1371907,103,6.97831978319783
-171853,1371972,104,7.04607046070461
-177570,1372034,105,7.11382113821138
-183304,1372091,106,7.18157181571816
-189055,1372148,107,7.24932249322493
-194822,1372205,108,7.31707317073171
-200606,1372262,109,7.38482384823848
-206418,1372319,110,7.45257452574526
-212264,1372377,111,7.52032520325203
-218145,1372433,112,7.58807588075881
-224060,1372487,113,7.65582655826558
-230009,1372535,114,7.72357723577236
-235992,1372581,115,7.79132791327913
-242009,1372622,116,7.85907859078591
-248060,1372663,117,7.92682926829268
-254144,1372705,118,7.99457994579946
-260262,1372747,119,8.06233062330623
-266413,1372787,120,8.13008130081301
-272598,1372827,121,8.19783197831978
-278817,1372867,122,8.26558265582656
-285070,1372907,123,8.33333333333333
-291356,1372948,124,8.40108401084011
-297675,1372987,125,8.46883468834688
-304026,1373024,126,8.53658536585366
-310411,1373057,127,8.60433604336043
-316828,1373088,128,8.67208672086721
-323279,1373117,129,8.73983739837398
-329762,1373142,130,8.80758807588076
-336278,1373164,131,8.87533875338754
-342827,1373184,132,8.94308943089431
-349408,1373198,133,9.01084010840108
-356022,1373212,134,9.07859078590786
-362669,1373226,135,9.14634146341463
-369348,1373240,136,9.21409214092141
-376059,1373254,137,9.28184281842819
-382803,1373268,138,9.34959349593496
-389579,1373281,139,9.41734417344173
-396387,1373294,140,9.48509485094851
-403228,1373307,141,9.55284552845528
-410101,1373320,142,9.62059620596206
-417006,1373333,143,9.68834688346884
-423943,1373346,144,9.75609756097561
-430912,1373359,145,9.82384823848238
-437913,1373372,146,9.89159891598916
-444947,1373385,147,9.95934959349594
-452012,1373398,148,10.0271002710027
-459109,1373411,149,10.0948509485095
-466238,1373424,150,10.1626016260163
-473399,1373437,151,10.230352303523
-480592,1373450,152,10.2981029810298
-487816,1373463,153,10.3658536585366
-495071,1373476,154,10.4336043360434
-502357,1373489,155,10.5013550135501
-509673,1373502,156,10.5691056910569
-517020,1373515,157,10.6368563685637
-524397,1373528,158,10.7046070460705
-531805,1373541,159,10.7723577235772
-539243,1373554,160,10.840108401084
-546712,1373567,161,10.9078590785908
-554210,1373580,162,10.9756097560976
-561738,1373593,163,11.0433604336043
-569296,1373606,164,11.1111111111111
-576883,1373619,165,11.1788617886179
-584499,1373632,166,11.2466124661247
-592144,1373645,167,11.3143631436314
-599818,1373658,168,11.3821138211382
-607521,1373671,169,11.449864498645
-615252,1373684,170,11.5176151761518
-623012,1373697,171,11.5853658536585
-630800,1373710,172,11.6531165311653
-638616,1373723,173,11.7208672086721
-646460,1373736,174,11.7886178861789
-654332,1373749,175,11.8563685636856
-662231,1373762,176,11.9241192411924
-670157,1373775,177,11.9918699186992
-678109,1373788,178,12.059620596206
-686088,1373801,179,12.1273712737127
-694093,1373814,180,12.1951219512195
-702123,1373827,181,12.2628726287263
-710179,1373840,182,12.3306233062331
-718262,1373853,183,12.3983739837398
-726370,1373866,184,12.4661246612466
-734504,1373879,185,12.5338753387534
-742663,1373892,186,12.6016260162602
-750845,1373905,187,12.6693766937669
-759053,1373918,188,12.7371273712737
-767285,1373931,189,12.8048780487805
-775542,1373944,190,12.8726287262873
-783823,1373957,191,12.940379403794
-792128,1373970,192,13.0081300813008
-800457,1373983,193,13.0758807588076
-808809,1373996,194,13.1436314363144
-817184,1374009,195,13.2113821138211
-825582,1374022,196,13.2791327913279
-834003,1374035,197,13.3468834688347
-842447,1374048,198,13.4146341463415
-850914,1374061,199,13.4823848238482
-859403,1374074,200,13.550135501355
-867915,1374087,201,13.6178861788618
-876449,1374100,202,13.6856368563686
-885005,1374113,203,13.7533875338753
-893584,1374126,204,13.8211382113821
-902184,1374139,205,13.8888888888889
-910806,1374152,206,13.9566395663957
-919449,1374165,207,14.0243902439024
-928112,1374178,208,14.0921409214092
-936788,1374191,209,14.159891598916
-945474,1374205,210,14.2276422764228
-954169,1374219,211,14.2953929539295
-962872,1374233,212,14.3631436314363
-971594,1374247,213,14.4308943089431
-980338,1374262,214,14.4986449864499
-989104,1374277,215,14.5663956639566
-997891,1374292,216,14.6341463414634
-1006702,1374307,217,14.7018970189702
-1015535,1374322,218,14.769647696477
-1024390,1374337,219,14.8373983739837
-1033267,1374353,220,14.9051490514905
-1042167,1374369,221,14.9728997289973
-1051089,1374385,222,15.0406504065041
-1060033,1374401,223,15.1084010840108
-1068999,1374417,224,15.1761517615176
-1077987,1374433,225,15.2439024390244
-1086997,1374449,226,15.3116531165312
-1096029,1374465,227,15.3794037940379
-1105083,1374481,228,15.4471544715447
-1114160,1374497,229,15.5149051490515
-1123259,1374513,230,15.5826558265583
-1132380,1374529,231,15.650406504065
-1141521,1374545,232,15.7181571815718
-1150684,1374560,233,15.7859078590786
-1159868,1374571,234,15.8536585365854
-1169074,1374580,235,15.9214092140921
-1178302,1374586,236,15.9891598915989
-1187551,1374576,237,16.0569105691057
-1196822,1374559,238,16.1246612466125
-1206114,1374521,239,16.1924119241192
-1215427,1374478,240,16.260162601626
-1224760,1374411,241,16.3279132791328
-1234114,1374336,242,16.3956639566396
-1243489,1374236,243,16.4634146341463
-1252885,1374125,244,16.5311653116531
-1262301,1373970,245,16.5989159891599
-1271737,1373804,246,16.6666666666667
-1281192,1373595,247,16.7344173441734
-1290668,1373369,248,16.8021680216802
-1300162,1373091,249,16.869918699187
-1309676,1372796,250,16.9376693766938
-1319208,1372454,251,17.0054200542005
-1328760,1372084,252,17.0731707317073
-1338329,1371656,253,17.1409214092141
-1347917,1371205,254,17.2086720867209
-1357519,1370678,255,17.2764227642276
-1367139,1370127,256,17.3441734417344
-1376774,1369506,257,17.4119241192412
-1386428,1368856,258,17.479674796748
-1396092,1368104,259,17.5474254742547
-1405772,1367320,260,17.6151761517615
-1415465,1366472,261,17.6829268292683
-1425172,1365569,262,17.7506775067751
-1434888,1364604,263,17.8184281842818
-1444622,1363604,264,17.8861788617886
-1454363,1362514,265,17.9539295392954
-1464116,1361385,266,18.0216802168022
-1473877,1360162,267,18.0894308943089
-1483651,1358890,268,18.1571815718157
-1493427,1357516,269,18.2249322493225
-1503215,1356094,270,18.2926829268293
-1512999,1354557,271,18.360433604336
-1522796,1352973,272,18.4281842818428
-1532595,1351303,273,18.4959349593496
-1542398,1349554,274,18.5636856368564
-1552205,1347719,275,18.6314363143631
-1562012,1345794,276,18.6991869918699
-1571820,1343785,277,18.7669376693767
-1581628,1341692,278,18.8346883468835
-1591437,1339517,279,18.9024390243902
-1601245,1337266,280,18.970189701897
-1611052,1334931,281,19.0379403794038
-1620858,1332516,282,19.1056910569106
-1630663,1330021,283,19.1734417344173
-1640461,1327434,284,19.2411924119241
-1650262,1324783,285,19.3089430894309
-1660047,1322019,286,19.3766937669377
-1669836,1319205,287,19.4444444444444
-1679608,1316275,288,19.5121951219512
-1689382,1313291,289,19.579945799458
-1699136,1310194,290,19.6476964769648
-1708893,1307047,291,19.7154471544715
-1718622,1303767,292,19.7831978319783
-1728351,1300434,293,19.8509485094851
-1738061,1296997,294,19.9186991869919
-1747760,1293478,295,19.9864498644986
-1757446,1289870,296,20.0542005420054
-1767119,1286183,297,20.1219512195122
-1776773,1282405,298,20.189701897019
-1786425,1278567,299,20.2574525745257
-1796049,1274622,300,20.3252032520325
-1805661,1270607,301,20.3929539295393
-1815250,1266488,302,20.4607046070461
-1824831,1262302,303,20.5284552845528
-1834382,1258016,304,20.5962059620596
-1843906,1253648,305,20.6639566395664
-1853425,1249214,306,20.7317073170732
-1862921,1244697,307,20.7994579945799
-1872402,1240111,308,20.8672086720867
-1881861,1235436,309,20.9349593495935
-1891305,1230692,310,21.0027100271003
-1900718,1225855,311,21.070460704607
-1910118,1220954,312,21.1382113821138
-1919469,1215928,313,21.2059620596206
-1928812,1210857,314,21.2737127371274
-1938108,1205677,315,21.3414634146341
-1947394,1200440,316,21.4092140921409
-1956666,1195145,317,21.4769647696477
-1965890,1189740,318,21.5447154471545
-1975102,1184288,319,21.6124661246612
-1984272,1178733,320,21.680216802168
-1993425,1173124,321,21.7479674796748
-2002528,1167405,322,21.8157181571816
-2011616,1161627,323,21.8834688346883
-2020667,1155766,324,21.9512195121951
-2029683,1149824,325,22.0189701897019
-2038665,1143800,326,22.0867208672087
-2047607,1137694,327,22.1544715447155
-2056521,1131520,328,22.2222222222222
-2065392,1125257,329,22.289972899729
-2074235,1118928,330,22.3577235772358
-2083031,1112513,331,22.4254742547425
-2091805,1106042,332,22.4932249322493
-2100515,1099463,333,22.5609756097561
-2109209,1092841,334,22.6287262872629
-2117838,1086112,335,22.6964769647696
-2126441,1079322,336,22.7642276422764
-2134999,1072456,337,22.8319783197832
-2143497,1065497,338,22.89972899729
-2151965,1058474,339,22.9674796747968
-2160359,1051350,340,23.0352303523035
-2168727,1044177,341,23.1029810298103
-2177019,1036897,342,23.1707317073171
-2185288,1029571,343,23.2384823848238
-2193480,1022144,344,23.3062330623306
-2201643,1014664,345,23.3739837398374
-2209720,1007074,346,23.4417344173442
-2217769,999438,347,23.5094850948509
-2225694,991664,348,23.5772357723577
-2233583,983833,349,23.6449864498645
-2241425,975935,350,23.7127371273713
-2249128,967897,351,23.7804878048781
-2256780,959791,352,23.8482384823848
-2264352,951599,353,23.9159891598916
-2271791,943290,354,23.9837398373984
-2279163,934897,355,24.0514905149052
-2286448,926414,356,24.1192411924119
-2293596,917810,357,24.1869918699187
-2300696,909151,358,24.2547425474255
-2307628,900358,359,24.3224932249323
-2314497,891499,360,24.390243902439
-2321221,882529,361,24.4579945799458
-2327876,873491,362,24.5257452574526
-2334417,864366,363,24.5934959349594
-2340788,855127,364,24.6612466124661
-2347083,845820,365,24.7289972899729
-2353233,836412,366,24.7967479674797
-2359309,826942,367,24.8644986449865
-2365242,817382,368,24.9322493224932
-2371053,807737,369,25
-2376774,798025,370,25.0677506775068
-2382334,788228,371,25.1355013550136
-2387805,778366,372,25.2032520325203
-2393144,768428,373,25.2710027100271
-2398351,758411,374,25.3387533875339
-2403446,748330,375,25.4065040650407
-2408373,738168,376,25.4742547425474
-2413205,727949,377,25.5420054200542
-2417861,717653,378,25.609756097561
-2422354,707279,379,25.6775067750678
-2426715,696846,380,25.7452574525745
-2430900,686336,381,25.8130081300813
-2434985,675776,382,25.8807588075881
-2438829,665138,383,25.9485094850949
-2442532,654438,384,26.0162601626016
-2446151,643702,385,26.0840108401084
-2449547,632895,386,26.1517615176152
-2452842,622053,387,26.219512195122
-2455934,611149,388,26.2872628726287
-2458928,600209,389,26.3550135501355
-2461718,589220,390,26.4227642276423
-2464406,578196,391,26.4905149051491
-2466929,567133,392,26.5582655826558
-2469277,556033,393,26.6260162601626
-2471555,544908,394,26.6937669376694
-2473621,533744,395,26.7615176151762
-2475578,522551,396,26.8292682926829
-2477359,511328,397,26.8970189701897
-2479006,500076,398,26.9647696476965
-2480495,488800,399,27.0325203252033
-2481859,477506,400,27.10027100271
-2483095,466190,401,27.1680216802168
-2484120,454862,402,27.2357723577236
-2485007,443512,403,27.3035230352304
-2485743,432145,404,27.3712737127371
-2486205,420778,405,27.4390243902439
-2486553,409397,406,27.5067750677507
-2486767,398012,407,27.5745257452575
-2486861,386616,408,27.6422764227642
-2486827,375219,409,27.710027100271
-2486609,363826,410,27.7777777777778
-2486305,352423,411,27.8455284552846
-2485820,341030,412,27.9132791327913
-2485243,329632,413,27.9810298102981
-2484532,318241,414,28.0487804878049
-2483690,306860,415,28.1165311653117
-2482722,295494,416,28.1842818428184
-2481617,284129,417,28.2520325203252
-2480355,272777,418,28.319783197832
-2478919,261450,419,28.3875338753388
-2477334,250136,420,28.4552845528455
-2475582,238851,421,28.5230352303523
-2473629,227614,422,28.5907859078591
-2471521,216401,423,28.6585365853659
-2469307,205202,424,28.7262872628726
-2466944,194040,425,28.7940379403794
-2464483,182892,426,28.8617886178862
-2461885,171776,427,28.929539295393
-2459178,160682,428,28.9972899728997
-2456335,149615,429,29.0650406504065
-2453362,138578,430,29.1327913279133
-2450261,127573,431,29.2005420054201
-2447067,116595,432,29.2682926829268
-2443735,105653,433,29.3360433604336
-2440265,94746,434,29.4037940379404
-2436627,83894,435,29.4715447154472
-2432847,73088,436,29.5392953929539
-2428917,62336,437,29.6070460704607
-2424846,51631,438,29.6747967479675
-2420626,40979,439,29.7425474254743
-2416252,30390,440,29.810298102981
-2411766,19840,441,29.8780487804878
-2407165,9333,442,29.9457994579946
-2402486,-1150,443,30.0135501355014
-2397714,-11603,444,30.0813008130081
-2392886,-22043,445,30.1490514905149
-2387982,-32459,446,30.2168021680217
-2383046,-42875,447,30.2845528455285
-2378067,-53285,448,30.3523035230352
-2373063,-63695,449,30.420054200542
-2368052,-74114,450,30.4878048780488
-2363041,-84545,451,30.5555555555556
-2358035,-94991,452,30.6233062330623
-2353041,-105454,453,30.6910569105691
-2348059,-115936,454,30.7588075880759
-2343102,-126443,455,30.8265582655827
-2338183,-136980,456,30.8943089430894
-2333275,-147534,457,30.9620596205962
-2328407,-158118,458,31.029810298103
-2323547,-168719,459,31.0975609756098
-2318705,-179339,460,31.1653116531165
-2313896,-189986,461,31.2330623306233
-2309098,-200650,462,31.3008130081301
-2304335,-211341,463,31.3685636856369
-2299581,-222048,464,31.4363143631436
-2294840,-232772,465,31.5040650406504
-2290131,-243522,466,31.5718157181572
-2285428,-254287,467,31.639566395664
-2280748,-265074,468,31.7073170731707
-2276074,-275875,469,31.7750677506775
-2271418,-286696,470,31.8428184281843
-2266770,-297533,471,31.9105691056911
-2262136,-308387,472,31.9783197831978
-2257515,-319258,473,32.0460704607046
-2252902,-330144,474,32.1138211382114
-2248310,-341051,475,32.1815718157182
-2243721,-351972,476,32.2493224932249
-2239136,-362906,477,32.3170731707317
-2234569,-373859,478,32.3848238482385
-2230002,-384824,479,32.4525745257453
-2225439,-395802,480,32.520325203252
-2220878,-406792,481,32.5880758807588
-2216320,-417795,482,32.6558265582656
-2211766,-428804,483,32.7235772357724
-2207217,-439816,484,32.7913279132791
-2202671,-450830,485,32.8590785907859
-2198121,-461854,486,32.9268292682927
-2193567,-472889,487,32.9945799457995
-2189008,-483934,488,33.0623306233062
-2184444,-494990,489,33.130081300813
-2179875,-506057,490,33.1978319783198
-2175301,-517134,491,33.2655826558266
-2170723,-528222,492,33.3333333333333
-2166140,-539320,493,33.4010840108401
-2161554,-550429,494,33.4688346883469
-2156963,-561548,495,33.5365853658537
-2152367,-572678,496,33.6043360433604
-2147768,-583819,497,33.6720867208672
-2143166,-594971,498,33.739837398374
-2138558,-606134,499,33.8075880758808
-2133945,-617307,500,33.8753387533875
-2129326,-628491,501,33.9430894308943
-2124704,-639686,502,34.0108401084011
-2120077,-650891,503,34.0785907859079
-2115445,-662106,504,34.1463414634146
-2110810,-673333,505,34.2140921409214
-2106172,-684571,506,34.2818428184282
-2101528,-695819,507,34.349593495935
-2096878,-707077,508,34.4173441734417
-2092225,-718345,509,34.4850948509485
-2087565,-729623,510,34.5528455284553
-2082883,-740903,511,34.6205962059621
-2078194,-752192,512,34.6883468834688
-2073488,-763485,513,34.7560975609756
-2068759,-774780,514,34.8238482384824
-2064011,-786079,515,34.8915989159892
-2059217,-797369,516,34.9593495934959
-2054403,-808662,517,35.0271002710027
-2049533,-819810,518,35.0948509485095
-2044706,-830779,519,35.1626016260163
-2039852,-841465,520,35.230352303523
-2035042,-851904,521,35.2981029810298
-2030176,-862304,522,35.3658536585366
-2025328,-872553,523,35.4336043360434
-2020424,-882494,524,35.5013550135501
-2015503,-892295,525,35.5691056910569
-2010451,-902005,526,35.6368563685637
-2005358,-911679,527,35.7046070460705
-2000140,-921267,528,35.7723577235772
-1994785,-930749,529,35.840108401084
-1989306,-940136,530,35.9078590785908
-1983715,-949442,531,35.9756097560976
-1978047,-958689,532,36.0433604336043
-1972226,-967790,533,36.1111111111111
-1966261,-976750,534,36.1788617886179
-1960173,-985584,535,36.2466124661247
-1953951,-994269,536,36.3143631436314
-1947573,-1002786,537,36.3821138211382
-1941094,-1011200,538,36.449864498645
-1934485,-1019455,539,36.5176151761518
-1927764,-1027586,540,36.5853658536585
-1920924,-1035597,541,36.6531165311653
-1913936,-1043428,542,36.7208672086721
-1906820,-1051108,543,36.7886178861789
-1899559,-1058570,544,36.8563685636856
-1892127,-1065781,545,36.9241192411924
-1884565,-1072800,546,36.9918699186992
-1876877,-1079592,547,37.059620596206
-1869074,-1086164,548,37.1273712737127
-1861199,-1092592,549,37.1951219512195
-1853232,-1098811,550,37.2628726287263
-1845143,-1104755,551,37.3306233062331
-1836977,-1110547,552,37.3983739837398
-1828713,-1116096,553,37.4661246612466
-1820305,-1121332,554,37.5338753387534
-1811816,-1126404,555,37.6016260162602
-1803263,-1131342,556,37.6693766937669
-1794652,-1136049,557,37.7371273712737
-1786024,-1140621,558,37.8048780487805
-1777346,-1144943,559,37.8726287262873
-1768631,-1149053,560,37.940379403794
-1759891,-1152983,561,38.0081300813008
-1751140,-1156635,562,38.0758807588076
-1742365,-1160037,563,38.1436314363144
-1733582,-1163279,564,38.2113821138211
-1724785,-1166240,565,38.2791327913279
-1715983,-1168919,566,38.3468834688347
-1707183,-1171484,567,38.4146341463415
-1698390,-1173783,568,38.4823848238482
-1689607,-1175758,569,38.550135501355
-1680826,-1177597,570,38.6178861788618
-1672073,-1179186,571,38.6856368563686
-1663365,-1180509,572,38.7533875338753
-1654692,-1181680,573,38.8211382113821
-1646072,-1182640,574,38.8888888888889
-1637525,-1183331,575,38.9566395663957
-1629031,-1183835,576,39.0243902439024
-1620588,-1184176,577,39.0921409214092
-1612218,-1184292,578,39.159891598916
-1603954,-1184153,579,39.2276422764228
-1595735,-1183906,580,39.2953929539295
-1587591,-1183445,581,39.3631436314363
-1579526,-1182810,582,39.4308943089431
-1571530,-1182017,583,39.4986449864499
-1563588,-1181115,584,39.5663956639566
-1555783,-1179978,585,39.6341463414634
-1548081,-1178646,586,39.7018970189702
-1540460,-1177167,587,39.769647696477
-1532941,-1175559,588,39.8373983739837
-1525566,-1173752,589,39.9051490514905
-1518300,-1171775,590,39.9728997289973
-1511122,-1169664,591,40.0406504065041
-1504061,-1167418,592,40.1084010840108
-1497137,-1164988,593,40.1761517615176
-1490307,-1162390,594,40.2439024390244
-1483562,-1159650,595,40.3116531165312
-1476912,-1156765,596,40.3794037940379
-1470378,-1153685,597,40.4471544715447
-1463930,-1150440,598,40.5149051490515
-1457580,-1147043,599,40.5826558265583
-1451315,-1143503,600,40.650406504065
-1445165,-1139784,601,40.7181571815718
-1439110,-1135896,602,40.7859078590786
-1433144,-1131868,603,40.8536585365854
-1427294,-1127678,604,40.9214092140921
-1421527,-1123353,605,40.9891598915989
-1415846,-1118878,606,41.0569105691057
-1410252,-1114271,607,41.1246612466125
-1404757,-1109534,608,41.1924119241192
-1399341,-1104675,609,41.260162601626
-1393962,-1099730,610,41.3279132791328
-1388646,-1094682,611,41.3956639566396
-1383331,-1089589,612,41.4634146341463
-1378012,-1084448,613,41.5311653116531
-1372734,-1079226,614,41.5989159891599
-1367441,-1073979,615,41.6666666666667
-1362147,-1068685,616,41.7344173441734
-1356834,-1063365,617,41.8021680216802
-1351503,-1058018,618,41.869918699187
-1346159,-1052645,619,41.9376693766938
-1340808,-1047238,620,42.0054200542005
-1335439,-1041809,621,42.0731707317073
-1330061,-1036357,622,42.1409214092141
-1324668,-1030881,623,42.2086720867209
-1319275,-1025365,624,42.2764227642276
-1313865,-1019817,625,42.3441734417344
-1308452,-1014235,626,42.4119241192412
-1303040,-1008615,627,42.479674796748
-1297629,-1002960,628,42.5474254742547
-1292219,-997264,629,42.6151761517615
-1286812,-991528,630,42.6829268292683
-1281414,-985749,631,42.7506775067751
-1276021,-979931,632,42.8184281842818
-1270630,-974075,633,42.8861788617886
-1265251,-968172,634,42.9539295392954
-1259876,-962231,635,43.0216802168022
-1254512,-956248,636,43.0894308943089
-1249156,-950227,637,43.1571815718157
-1243804,-944165,638,43.2249322493225
-1238472,-938052,639,43.2926829268293
-1233136,-931910,640,43.360433604336
-1227819,-925719,641,43.4281842818428
-1222499,-919498,642,43.4959349593496
-1217199,-913228,643,43.5636856368564
-1211896,-906929,644,43.6314363143631
-1206610,-900585,645,43.6991869918699
-1201322,-894211,646,43.7669376693767
-1196056,-887790,647,43.8346883468835
-1190784,-881343,648,43.9024390243903
-1185515,-874864,649,43.970189701897
-1180251,-868351,650,44.0379403794038
-1174982,-861812,651,44.1056910569106
-1169725,-855235,652,44.1734417344173
-1164461,-848635,653,44.2411924119241
-1159197,-842005,654,44.3089430894309
-1153929,-835350,655,44.3766937669377
-1148655,-828671,656,44.4444444444444
-1143380,-821965,657,44.5121951219512
-1138099,-815236,658,44.579945799458
-1132817,-808480,659,44.6476964769648
-1127528,-801702,660,44.7154471544716
-1122243,-794893,661,44.7831978319783
-1116951,-788064,662,44.8509485094851
-1111649,-781214,663,44.9186991869919
-1106344,-774351,664,44.9864498644986
-1101041,-767474,665,45.0542005420054
-1095735,-760589,666,45.1219512195122
-1090423,-753696,667,45.189701897019
-1085099,-746789,668,45.2574525745257
-1079762,-739864,669,45.3252032520325
-1074412,-732922,670,45.3929539295393
-1069049,-725962,671,45.4607046070461
-1063672,-718984,672,45.5284552845529
-1058282,-711988,673,45.5962059620596
-1052879,-704975,674,45.6639566395664
-1047462,-697944,675,45.7317073170732
-1042032,-690895,676,45.7994579945799
-1036588,-683828,677,45.8672086720867
-1031132,-676744,678,45.9349593495935
-1025662,-669642,679,46.0027100271003
-1020180,-662523,680,46.070460704607
-1014685,-655386,681,46.1382113821138
-1009177,-648232,682,46.2059620596206
-1003656,-641061,683,46.2737127371274
-998122,-633872,684,46.3414634146342
-992575,-626666,685,46.4092140921409
-987015,-619443,686,46.4769647696477
-981442,-612202,687,46.5447154471545
-975856,-604944,688,46.6124661246612
-970257,-597668,689,46.680216802168
-964645,-590375,690,46.7479674796748
-959020,-583065,691,46.8157181571816
-953382,-575738,692,46.8834688346883
-947731,-568394,693,46.9512195121951
-942040,-561055,694,47.0189701897019
-936380,-553669,695,47.0867208672087
-930661,-546306,696,47.1544715447155
-924975,-538894,697,47.2222222222222
-919238,-531497,698,47.289972899729
-913489,-524083,699,47.3577235772358
-907727,-516652,700,47.4254742547426
-901953,-509204,701,47.4932249322493
-896164,-501741,702,47.5609756097561
-890360,-494263,703,47.6287262872629
-884538,-486771,704,47.6964769647696
-878737,-479239,705,47.7642276422764
-872867,-471739,706,47.8319783197832
-867025,-464195,707,47.89972899729
-861168,-456636,708,47.9674796747968
-855247,-449105,709,48.0352303523035
-849354,-441528,710,48.1029810298103
-843447,-433937,711,48.1707317073171
-837500,-426351,712,48.2384823848239
-831540,-418748,713,48.3062330623306
-825568,-411129,714,48.3739837398374
-819577,-403499,715,48.4417344173442
-813560,-395863,716,48.509485094851
-807519,-388220,717,48.5772357723577
-801431,-380589,718,48.6449864498645
-795381,-373025,719,48.7127371273713
-789397,-365647,720,48.7804878048781
-783546,-358453,721,48.8482384823848
-777767,-351524,722,48.9159891598916
-772026,-344660,723,48.9837398373984
-766388,-337955,724,49.0514905149052
-760792,-331475,725,49.1192411924119
-755289,-325130,726,49.1869918699187
-749814,-319009,727,49.2547425474255
-744367,-312986,728,49.3224932249323
-738954,-307166,729,49.390243902439
-733620,-301510,730,49.4579945799458
-728313,-296065,731,49.5257452574526
-723082,-290744,732,49.5934959349594
-717755,-285537,733,49.6612466124661
-712371,-280375,734,49.7289972899729
-706886,-275299,735,49.7967479674797
-701293,-270340,736,49.8644986449865
-695610,-265477,737,49.9322493224932
-689798,-260797,738,50
-683864,-256244,739,50.0677506775068
-677852,-251777,740,50.1355013550136
-671768,-247404,741,50.2032520325203
-665629,-243118,742,50.2710027100271
-659428,-238937,743,50.3387533875339
-653180,-234861,744,50.4065040650407
-646876,-230930,745,50.4742547425474
-640504,-227103,746,50.5420054200542
-634082,-223365,747,50.609756097561
-627576,-219775,748,50.6775067750678
-620974,-216352,749,50.7452574525745
-614281,-213055,750,50.8130081300813
-607514,-209889,751,50.8807588075881
-600674,-206896,752,50.9485094850949
-593783,-204055,753,51.0162601626016
-586841,-201352,754,51.0840108401084
-579867,-198827,755,51.1517615176152
-572860,-196488,756,51.219512195122
-565787,-194377,757,51.2872628726287
-558664,-192378,758,51.3550135501355
-551516,-190588,759,51.4227642276423
-544307,-189024,760,51.4905149051491
-537046,-187592,761,51.5582655826558
-529742,-186358,762,51.6260162601626
-522421,-185324,763,51.6937669376694
-515058,-184500,764,51.7615176151762
-507685,-183832,765,51.8292682926829
-500350,-183388,766,51.8970189701897
-493057,-183201,767,51.9647696476965
-485750,-183175,768,52.0325203252033
-478460,-183333,769,52.10027100271
-471174,-183693,770,52.1680216802168
-463887,-184262,771,52.2357723577236
-456620,-185007,772,52.3035230352304
-449434,-185981,773,52.3712737127371
-442325,-187135,774,52.4390243902439
-435278,-188451,775,52.5067750677507
-428325,-189922,776,52.5745257452575
-421484,-191572,777,52.6422764227642
-414752,-193447,778,52.710027100271
-408050,-195422,779,52.7777777777778
-401461,-197615,780,52.8455284552846
-394963,-200029,781,52.9132791327913
-388516,-202614,782,52.9810298102981
-382134,-205360,783,53.0487804878049
-375870,-208307,784,53.1165311653117
-369689,-211438,785,53.1842818428184
-363599,-214722,786,53.2520325203252
-357632,-218154,787,53.319783197832
-351792,-221716,788,53.3875338753388
-346091,-225465,789,53.4552845528455
-340477,-229323,790,53.5230352303523
-335018,-233320,791,53.5907859078591
-329705,-237468,792,53.6585365853659
-324484,-241761,793,53.7262872628726
-319382,-246199,794,53.7940379403794
-314404,-250763,795,53.8617886178862
-309541,-255484,796,53.929539295393
-304802,-260338,797,53.9972899728997
-300188,-265314,798,54.0650406504065
-295700,-270415,799,54.1327913279133
-291334,-275652,800,54.2005420054201
-287099,-281002,801,54.2682926829268
-283011,-286461,802,54.3360433604336
-279040,-292038,803,54.4037940379404
-275207,-297728,804,54.4715447154472
-271505,-303514,805,54.5392953929539
-267919,-309397,806,54.6070460704607
-264459,-315378,807,54.6747967479675
-261118,-321446,808,54.7425474254743
-257918,-327619,809,54.810298102981
-254831,-333877,810,54.8780487804878
-251857,-340215,811,54.9457994579946
-249003,-346624,812,55.0135501355014
-246273,-353101,813,55.0813008130081
-243609,-359645,814,55.1490514905149
-241074,-366258,815,55.2168021680217
-238630,-372934,816,55.2845528455285
-236280,-379674,817,55.3523035230352
-234025,-386471,818,55.420054200542
-231838,-393317,819,55.4878048780488
-229740,-400220,820,55.5555555555556
-227724,-407176,821,55.6233062330623
-225787,-414179,822,55.6910569105691
-223909,-421227,823,55.7588075880759
-222109,-428322,824,55.8265582655827
-220365,-435455,825,55.8943089430894
-218665,-442632,826,55.9620596205962
-217043,-449849,827,56.029810298103
-215447,-457102,828,56.0975609756098
-213909,-464396,829,56.1653116531165
-212414,-471731,830,56.2330623306233
-210959,-479104,831,56.3008130081301
-209553,-486505,832,56.3685636856369
-208163,-493942,833,56.4363143631436
-206784,-501408,834,56.5040650406504
-205419,-508912,835,56.5718157181572
-204066,-516449,836,56.639566395664
-202721,-524017,837,56.7073170731707
-201376,-531615,838,56.7750677506775
-200015,-539240,839,56.8428184281843
-198638,-546889,840,56.9105691056911
-197221,-554558,841,56.9783197831978
-195785,-562249,842,57.0460704607046
-194277,-569954,843,57.1138211382114
-192733,-577685,844,57.1815718157182
-191100,-585422,845,57.2493224932249
-189407,-593092,846,57.3170731707317
-187659,-600588,847,57.3848238482385
-185869,-607919,848,57.4525745257453
-183929,-615203,849,57.520325203252
-181936,-622471,850,57.5880758807588
-179795,-629686,851,57.6558265582656
-177477,-636832,852,57.7235772357724
-175077,-643950,853,57.7913279132791
-172497,-650993,854,57.8590785907859
-169737,-657945,855,57.9268292682927
-166841,-664826,856,57.9945799457995
-163819,-671640,857,58.0623306233062
-160655,-678374,858,58.130081300813
-157321,-685007,859,58.1978319783198
-153830,-691565,860,58.2655826558266
-150188,-698039,861,58.3333333333333
-146351,-704388,862,58.4010840108401
-142342,-710642,863,58.4688346883469
-138160,-716785,864,58.5365853658537
-133841,-722827,865,58.6043360433604
-129408,-728777,866,58.6720867208672
-124851,-734603,867,58.739837398374
-120178,-740297,868,58.8075880758808
-115373,-745850,869,58.8753387533875
-110425,-751277,870,58.9430894308943
-105359,-756586,871,59.0108401084011
-100171,-761767,872,59.0785907859079
-94824,-766803,873,59.1463414634146
-89376,-771731,874,59.2140921409214
-83821,-776482,875,59.2818428184282
-78179,-781068,876,59.349593495935
-72465,-785510,877,59.4173441734417
-66696,-789757,878,59.4850948509485
-60878,-793808,879,59.5528455284553
-55010,-797676,880,59.6205962059621
-49075,-801353,881,59.6883468834688
-43102,-804851,882,59.7560975609756
-37061,-808121,883,59.8238482384824
-30972,-811272,884,59.8915989159892
-24829,-814203,885,59.9593495934959
-18637,-816956,886,60.0271002710027
-12372,-819523,887,60.0948509485095
-6060,-821934,888,60.1626016260163
275,-824123,889,60.230352303523
6593,-826139,890,60.2981029810298
12893,-827962,891,60.3658536585366
19177,-829619,892,60.4336043360434
25441,-831058,893,60.5013550135501
31707,-832272,894,60.5691056910569
37982,-833340,895,60.6368563685637
44247,-834205,896,60.7046070460705
50504,-834884,897,60.7723577235772
56777,-835343,898,60.840108401084
63049,-835619,899,60.9078590785908
69291,-835723,900,60.9756097560976
75485,-835648,901,61.0433604336043
81612,-835334,902,61.1111111111111
87722,-834880,903,61.1788617886179
93784,-834263,904,61.2466124661247
99777,-833438,905,61.3143631436314
105737,-832407,906,61.3821138211382
111664,-831197,907,61.449864498645
117552,-829858,908,61.5176151761518
123357,-828363,909,61.5853658536585
129082,-826677,910,61.6531165311653
134767,-824813,911,61.7208672086721
140410,-822808,912,61.7886178861789
145966,-820610,913,61.8563685636856
151458,-818273,914,61.9241192411924
156877,-815737,915,61.9918699186992
162229,-813058,916,62.059620596206
167512,-810247,917,62.1273712737127
172707,-807295,918,62.1951219512195
177827,-804201,919,62.2628726287263
182878,-800979,920,62.3306233062331
187862,-797629,921,62.3983739837398
192744,-794105,922,62.4661246612466
197575,-790466,923,62.5338753387534
202359,-786714,924,62.6016260162602
207062,-782829,925,62.6693766937669
211637,-778775,926,62.7371273712737
216180,-774632,927,62.8048780487805
220670,-770382,928,62.8726287262873
225083,-766017,929,62.940379403794
229427,-761555,930,63.0081300813008
233771,-757043,931,63.0758807588076
238107,-752474,932,63.1436314363144
242436,-747858,933,63.2113821138211
246712,-743153,934,63.2791327913279
250985,-738404,935,63.3468834688347
255244,-733598,936,63.4146341463415
259499,-728752,937,63.4823848238482
263744,-723859,938,63.550135501355
267993,-718933,939,63.6178861788618
272246,-713967,940,63.6856368563686
276509,-708970,941,63.7533875338753
280779,-703939,942,63.8211382113821
285063,-698878,943,63.8888888888889
289357,-693790,944,63.9566395663957
293650,-688662,945,64.0243902439025
297958,-683502,946,64.0921409214092
302261,-678298,947,64.159891598916
306578,-673065,948,64.2276422764228
310902,-667794,949,64.2953929539295
315210,-662483,950,64.3631436314363
319532,-657140,951,64.4308943089431
323862,-651761,952,64.4986449864499
328173,-646325,953,64.5663956639566
332491,-640852,954,64.6341463414634
336796,-635329,955,64.7018970189702
341098,-629763,956,64.769647696477
345385,-624148,957,64.8373983739838
349669,-618489,958,64.9051490514905
353930,-612775,959,64.9728997289973
358189,-607020,960,65.0406504065041
362423,-601211,961,65.1084010840108
366657,-595361,962,65.1761517615176
370862,-589454,963,65.2439024390244
375067,-583509,964,65.3116531165312
379241,-577507,965,65.3794037940379
383415,-571468,966,65.4471544715447
387566,-565377,967,65.5149051490515
391718,-559250,968,65.5826558265583
395842,-553069,969,65.6504065040651
399966,-546853,970,65.7181571815718
404067,-540587,971,65.7859078590786
408170,-534287,972,65.8536585365854
412255,-527941,973,65.9214092140921
416342,-521561,974,65.9891598915989
420406,-515132,975,66.0569105691057
424471,-508667,976,66.1246612466125
428530,-502166,977,66.1924119241192
432577,-495624,978,66.260162601626
436625,-489049,979,66.3279132791328
440659,-482433,980,66.3956639566396
444700,-475788,981,66.4634146341464
448736,-469108,982,66.5311653116531
452781,-462401,983,66.5989159891599
456820,-455660,984,66.6666666666667
460867,-448891,985,66.7344173441734
464922,-442095,986,66.8021680216802
468973,-435265,987,66.869918699187
473031,-428409,988,66.9376693766938
477097,-421526,989,67.0054200542005
481166,-414615,990,67.0731707317073
485247,-407680,991,67.1409214092141
489336,-400723,992,67.2086720867209
493437,-393741,993,67.2764227642277
497549,-386736,994,67.3441734417344
501671,-379708,995,67.4119241192412
505807,-372657,996,67.479674796748
509955,-365585,997,67.5474254742547
514115,-358492,998,67.6151761517615
518287,-351378,999,67.6829268292683
522471,-344243,1000,67.7506775067751
526667,-337087,1001,67.8184281842818
530875,-329911,1002,67.8861788617886
535094,-322714,1003,67.9539295392954
539325,-315496,1004,68.0216802168022
543568,-308258,1005,68.089430894309
547822,-301001,1006,68.1571815718157
552087,-293724,1007,68.2249322493225
556363,-286427,1008,68.2926829268293
560650,-279111,1009,68.360433604336
564948,-271775,1010,68.4281842818428
569256,-264421,1011,68.4959349593496
573596,-257059,1012,68.5636856368564
577914,-249660,1013,68.6314363143631
582273,-242262,1014,68.6991869918699
586608,-234828,1015,68.7669376693767
590995,-227401,1016,68.8346883468835
595335,-219925,1017,68.9024390243903
599723,-212463,1018,68.970189701897
604116,-204993,1019,69.0379403794038
608514,-197514,1020,69.1056910569106
612916,-190027,1021,69.1734417344173
617326,-182527,1022,69.2411924119241
621748,-175007,1023,69.3089430894309
626182,-167467,1024,69.3766937669377
630627,-159907,1025,69.4444444444444
635084,-152327,1026,69.5121951219512
639553,-144728,1027,69.579945799458
644033,-137110,1028,69.6476964769648
648525,-129473,1029,69.7154471544716
653029,-121816,1030,69.7831978319783
657545,-114140,1031,69.8509485094851
662071,-106445,1032,69.9186991869919
666609,-98731,1033,69.9864498644986
671157,-90998,1034,70.0542005420054
675717,-83246,1035,70.1219512195122
680289,-75475,1036,70.189701897019
684868,-67692,1037,70.2574525745257
689463,-59887,1038,70.3252032520325
694074,-52065,1039,70.3929539295393
698707,-44229,1040,70.4607046070461
703355,-36375,1041,70.5284552845529
708034,-28514,1042,70.5962059620596
712731,-20637,1043,70.6639566395664
717455,-12751,1044,70.7317073170732
722217,-4862,1045,70.7994579945799
727001,3038,1046,70.8672086720867
731832,10935,1047,70.9349593495935
736689,18842,1048,71.0027100271003
741600,26741,1049,71.070460704607
746542,34647,1050,71.1382113821138
751548,42538,1051,71.2059620596206
756586,50434,1052,71.2737127371274
761688,58311,1053,71.3414634146342
766823,66193,1054,71.4092140921409
772038,74047,1055,71.4769647696477
777290,81902,1056,71.5447154471545
782623,89724,1057,71.6124661246613
787999,97544,1058,71.680216802168
793461,105327,1059,71.7479674796748
798970,113102,1060,71.8157181571816
804567,120834,1061,71.8834688346883
810205,128560,1062,71.9512195121951
815945,136233,1063,72.0189701897019
821732,143896,1064,72.0867208672087
827635,151490,1065,72.1544715447155
833594,159068,1066,72.2222222222222
839627,166611,1067,72.289972899729
845738,174114,1068,72.3577235772358
851933,181572,1069,72.4254742547426
858203,188991,1070,72.4932249322493
864553,196366,1071,72.5609756097561
870996,203684,1072,72.6287262872629
877504,210975,1073,72.6964769647696
884113,218193,1074,72.7642276422764
890779,225383,1075,72.8319783197832
897534,232513,1076,72.89972899729
904351,239611,1077,72.9674796747968
911261,246640,1078,73.0352303523035
918248,253618,1079,73.1029810298103
925353,260494,1080,73.1707317073171
932579,267261,1081,73.2384823848239
939868,273985,1082,73.3062330623306
947241,280630,1083,73.3739837398374
954640,287265,1084,73.4417344173442
962116,293845,1085,73.5094850948509
969669,300352,1086,73.5772357723577
977282,306822,1087,73.6449864498645
984978,313218,1088,73.7127371273713
992741,319554,1089,73.7804878048781
1000578,325819,1090,73.8482384823848
1008460,332058,1091,73.9159891598916
1016424,338215,1092,73.9837398373984
1024473,344275,1093,74.0514905149052
1032582,350289,1094,74.1192411924119
1040780,356205,1095,74.1869918699187
1049049,362044,1096,74.2547425474255
1057388,367807,1097,74.3224932249322
1065800,373491,1098,74.390243902439
1074282,379094,1099,74.4579945799458
1082851,384586,1100,74.5257452574526
1091477,390020,1101,74.5934959349594
1100183,395341,1102,74.6612466124661
1108954,400577,1103,74.7289972899729
1117782,405748,1104,74.7967479674797
1126676,410826,1105,74.8644986449865
1135614,415862,1106,74.9322493224932
1144640,420753,1107,75
1153712,425594,1108,75.0677506775068
1162854,430326,1109,75.1355013550136
1172046,434993,1110,75.2032520325203
1181302,439561,1111,75.2710027100271
1190612,444051,1112,75.3387533875339
1199985,448439,1113,75.4065040650407
1209414,452740,1114,75.4742547425474
1218908,456933,1115,75.5420054200542
1228456,461022,1116,75.609756097561
1238053,465031,1117,75.6775067750678
1247698,468963,1118,75.7452574525745
1257400,472779,1119,75.8130081300813
1267138,476547,1120,75.8807588075881
1276941,480160,1121,75.9485094850949
1286784,483713,1122,76.0162601626016
1296677,487141,1123,76.0840108401084
1306614,490484,1124,76.1517615176152
1316599,493709,1125,76.219512195122
1326618,496882,1126,76.2872628726287
1336687,499920,1127,76.3550135501355
1346795,502882,1128,76.4227642276423
1356949,505715,1129,76.4905149051491
1367143,508446,1130,76.5582655826558
1377376,511075,1131,76.6260162601626
1387649,513602,1132,76.6937669376694
1397960,516026,1133,76.7615176151762
1408307,518341,1134,76.8292682926829
1418687,520574,1135,76.8970189701897
1429102,522686,1136,76.9647696476965
1439549,524709,1137,77.0325203252033
1450029,526607,1138,77.10027100271
1460539,528409,1139,77.1680216802168
1471080,530099,1140,77.2357723577236
1481649,531696,1141,77.3035230352304
1492246,533184,1142,77.3712737127371
1502868,534589,1143,77.4390243902439
1513516,535882,1144,77.5067750677507
1524186,537114,1145,77.5745257452575
1534879,538230,1146,77.6422764227642
1545591,539304,1147,77.710027100271
1556326,540292,1148,77.7777777777778
1567080,541230,1149,77.8455284552846
1577852,542086,1150,77.9132791327913
1588634,542966,1151,77.9810298102981
1599433,543830,1152,78.0487804878049
1610157,544684,1153,78.1165311653117
1620696,545527,1154,78.1842818428184
1631046,546396,1155,78.2520325203252
1641192,547257,1156,78.319783197832
1651304,548178,1157,78.3875338753388
1661407,549112,1158,78.4552845528455
1671489,550141,1159,78.5230352303523
1681558,551224,1160,78.5907859078591
1691601,552427,1161,78.6585365853659
1701631,553700,1162,78.7262872628726
1711631,555099,1163,78.7940379403794
1721601,556634,1164,78.8617886178862
1731544,558293,1165,78.929539295393
1741460,560082,1166,78.9972899728997
1751340,562014,1167,79.0650406504065
1761178,564094,1168,79.1327913279133
1770962,566365,1169,79.2005420054201
1780704,568781,1170,79.2682926829268
1790392,571361,1171,79.3360433604336
1800043,574065,1172,79.4037940379404
1809642,576920,1173,79.4715447154472
1819136,580002,1174,79.5392953929539
1828524,583377,1175,79.6070460704607
1837875,586863,1176,79.6747967479675
1847172,590493,1177,79.7425474254743
1856354,594377,1178,79.810298102981
1865468,598405,1179,79.8780487804878
1874494,602567,1180,79.9457994579946
1883376,606931,1181,80.0135501355014
1892141,611453,1182,80.0813008130081
1900749,616148,1183,80.1490514905149
1909142,621077,1184,80.2168021680217
1917378,626215,1185,80.2845528455285
1925503,631492,1186,80.3523035230352
1933466,636960,1187,80.420054200542
1941269,642628,1188,80.4878048780488
1949010,648380,1189,80.5555555555556
1956560,654299,1190,80.6233062330623
1963900,660425,1191,80.6910569105691
1971167,666631,1192,80.7588075880759
1978224,673008,1193,80.8265582655827
1985060,679556,1194,80.8943089430894
1991755,686207,1195,80.9620596205962
1998275,692955,1196,81.029810298103
2004551,699831,1197,81.0975609756098
2010610,706829,1198,81.1653116531165
2016585,713872,1199,81.2330623306233
2022320,721024,1200,81.3008130081301
2027733,728313,1201,81.3685636856369
2033014,735681,1202,81.4363143631436
2038140,743119,1203,81.5040650406504
2042987,750650,1204,81.5718157181572
2047640,758238,1205,81.639566395664
2052141,765868,1206,81.7073170731707
2056411,773543,1207,81.7750677506775
2060373,781287,1208,81.8428184281843
2064203,789057,1209,81.9105691056911
2067859,796859,1210,81.9783197831978
2071261,804686,1211,82.0460704607046
2074389,812554,1212,82.1138211382114
2077429,820440,1213,82.1815718157182
2080220,828351,1214,82.2493224932249
2082777,836280,1215,82.3170731707317
2085133,844234,1216,82.3848238482385
2087339,852192,1217,82.4525745257453
2089353,860138,1218,82.520325203252
2091135,868078,1219,82.5880758807588
2092736,876013,1220,82.6558265582656
2094201,883923,1221,82.7235772357724
2095446,891805,1222,82.7913279132791
2096425,899662,1223,82.8590785907859
2097244,907533,1224,82.9268292682927
2097969,915407,1225,82.9945799457995
2098428,923254,1226,83.0623306233062
2098672,931081,1227,83.130081300813
2098726,938905,1228,83.1978319783198
2098647,946713,1229,83.2655826558266
2098365,954469,1230,83.3333333333333
2097871,962165,1231,83.4010840108401
2097200,969852,1232,83.4688346883469
2096381,977527,1233,83.5365853658537
2095369,985159,1234,83.6043360433604
2094158,992744,1235,83.6720867208672
2092758,1000310,1236,83.739837398374
2091221,1007848,1237,83.8075880758808
2089515,1015323,1238,83.8753387533875
2087626,1022730,1239,83.9430894308943
2085546,1030114,1240,84.0108401084011
2083327,1037472,1241,84.0785907859079
2080957,1044793,1242,84.1463414634146
2078407,1052049,1243,84.2140921409214
2075658,1059266,1244,84.2818428184282
2072837,1066478,1245,84.349593495935
2069887,1073668,1246,84.4173441734417
2066760,1080791,1247,84.4850948509485
2063498,1087890,1248,84.5528455284553
2060086,1094937,1249,84.6205962059621
2056567,1101950,1250,84.6883468834688
2052890,1108893,1251,84.7560975609756
2049115,1115825,1252,84.8238482384824
2045257,1122741,1253,84.8915989159892
2041262,1129598,1254,84.9593495934959
2037140,1136394,1255,85.0271002710027
2032903,1143160,1256,85.0948509485095
2028546,1149870,1257,85.1626016260163
2024067,1156509,1258,85.230352303523
2019527,1163135,1259,85.2981029810298
2014849,1169704,1260,85.3658536585366
2010064,1176211,1261,85.4336043360434
2005186,1182648,1262,85.5013550135501
2000241,1189061,1263,85.5691056910569
1995186,1195431,1264,85.6368563685637
1990022,1201733,1265,85.7046070460705
1984727,1207921,1266,85.7723577235772
1979309,1214039,1267,85.840108401084
1973802,1220111,1268,85.9078590785908
1968185,1226102,1269,85.9756097560976
1962415,1231941,1270,86.0433604336043
1956526,1237699,1271,86.1111111111111
1950540,1243378,1272,86.1788617886179
1944458,1248958,1273,86.2466124661247
1938278,1254460,1274,86.3143631436314
1931974,1259854,1275,86.3821138211382
1925593,1265181,1276,86.449864498645
1919075,1270314,1277,86.5176151761518
1912404,1275271,1278,86.5853658536585
1905628,1280121,1279,86.6531165311653
1898778,1284889,1280,86.7208672086721
1891823,1289478,1281,86.7886178861789
1884778,1293972,1282,86.8563685636856
1877621,1298313,1283,86.9241192411924
1870406,1302572,1284,86.9918699186992
1863107,1306637,1285,87.059620596206
1855717,1310570,1286,87.1273712737127
1848264,1314393,1287,87.1951219512195
1840752,1318104,1288,87.2628726287263
1833172,1321644,1289,87.3306233062331
1825505,1325029,1290,87.3983739837398
1817791,1328348,1291,87.4661246612466
1810013,1331495,1292,87.5338753387534
1802157,1334515,1293,87.6016260162602
1794246,1337436,1294,87.6693766937669
1786278,1340215,1295,87.7371273712737
1778259,1342846,1296,87.8048780487805
1770185,1345330,1297,87.8726287262873
1762060,1347689,1298,87.940379403794
1753887,1349927,1299,88.0081300813008
1745671,1352033,1300,88.0758807588076
1737414,1353998,1301,88.1436314363144
1729114,1355839,1302,88.2113821138211
1720778,1357567,1303,88.2791327913279
1712400,1359175,1304,88.3468834688347
1703981,1360669,1305,88.4146341463415
1695528,1362036,1306,88.4823848238482
1687040,1363265,1307,88.550135501355
1678520,1364390,1308,88.6178861788618
1669966,1365394,1309,88.6856368563686
1661385,1366287,1310,88.7533875338753
1652779,1367097,1311,88.8211382113821
1644146,1367823,1312,88.8888888888889
1635498,1368476,1313,88.9566395663957
1626836,1369062,1314,89.0243902439025
1618163,1369583,1315,89.0921409214092
1609478,1370055,1316,89.159891598916
1600773,1370447,1317,89.2276422764228
1592046,1370812,1318,89.2953929539295
1583296,1371100,1319,89.3631436314363
1574522,1371364,1320,89.4308943089431
1565724,1371581,1321,89.4986449864499
1556903,1371771,1322,89.5663956639566
1548060,1371909,1323,89.6341463414634
1539193,1372032,1324,89.7018970189702
1530303,1372129,1325,89.769647696477
1521391,1372192,1326,89.8373983739838
1512457,1372241,1327,89.9051490514905
1503501,1372257,1328,89.9728997289973
1494524,1372265,1329,90.0406504065041
1485527,1372247,1330,90.1084010840108
1476509,1372223,1331,90.1761517615176
1467469,1372193,1332,90.2439024390244
1458408,1372153,1333,90.3116531165312
1449326,1372104,1334,90.3794037940379
1440223,1372049,1335,90.4471544715447
1431098,1371990,1336,90.5149051490515
1421952,1371929,1337,90.5826558265583
1412785,1371863,1338,90.6504065040651
1403597,1371797,1339,90.7181571815718
1394387,1371731,1340,90.7859078590786
1385156,1371665,1341,90.8536585365854
1375904,1371599,1342,90.9214092140921
1366631,1371533,1343,90.9891598915989
1357336,1371466,1344,91.0569105691057
1348021,1371399,1345,91.1246612466125
1338684,1371331,1346,91.1924119241192
1329327,1371263,1347,91.260162601626
1319948,1371194,1348,91.3279132791328
1310548,1371125,1349,91.3956639566396
1301128,1371055,1350,91.4634146341464
1291687,1370985,1351,91.5311653116531
1282224,1370914,1352,91.5989159891599
1272740,1370842,1353,91.6666666666667
1263235,1370770,1354,91.7344173441734
1253709,1370697,1355,91.8021680216802
1244162,1370624,1356,91.869918699187
1234594,1370550,1357,91.9376693766938
1225006,1370476,1358,92.0054200542005
1215397,1370401,1359,92.0731707317073
1205766,1370326,1360,92.1409214092141
1196115,1370250,1361,92.2086720867209
1186443,1370205,1362,92.2764227642277
1176753,1370114,1363,92.3441734417344
1167045,1370086,1364,92.4119241192412
1157319,1370003,1365,92.479674796748
1147574,1369969,1366,92.5474254742547
1137813,1369866,1367,92.6151761517615
1128033,1369817,1368,92.6829268292683
1118232,1369768,1369,92.7506775067751
1108411,1369718,1370,92.8184281842818
1098569,1369668,1371,92.8861788617886
1088707,1369618,1372,92.9539295392954
1078825,1369567,1373,93.0216802168022
1068923,1369516,1374,93.089430894309
1059001,1369465,1375,93.1571815718157
1049059,1369414,1376,93.2249322493225
1039097,1369363,1377,93.2926829268293
1029116,1369311,1378,93.360433604336
1019115,1369259,1379,93.4281842818428
1009095,1369207,1380,93.4959349593496
999055,1369155,1381,93.5636856368564
988996,1369103,1382,93.6314363143631
978917,1369051,1383,93.6991869918699
968819,1368999,1384,93.7669376693767
958701,1368947,1385,93.8346883468835
948564,1368895,1386,93.9024390243903
938408,1368842,1387,93.970189701897
928233,1368789,1388,94.0379403794038
918039,1368736,1389,94.1056910569106
907826,1368683,1390,94.1734417344173
897594,1368630,1391,94.2411924119241
887344,1368577,1392,94.3089430894309
877075,1368524,1393,94.3766937669377
866787,1368471,1394,94.4444444444444
856481,1368419,1395,94.5121951219512
846157,1368367,1396,94.579945799458
835814,1368315,1397,94.6476964769648
825453,1368266,1398,94.7154471544716
815074,1368217,1399,94.7831978319783
804677,1368168,1400,94.8509485094851
794262,1368119,1401,94.9186991869919
783829,1368072,1402,94.9864498644986
773379,1368025,1403,95.0542005420054
762911,1367978,1404,95.1219512195122
752425,1367931,1405,95.189701897019
741921,1367886,1406,95.2574525745257
731400,1367840,1407,95.3252032520325
720861,1367794,1408,95.3929539295393
710305,1367748,1409,95.4607046070461
699731,1367704,1410,95.5284552845529
689140,1367660,1411,95.5962059620596
678532,1367616,1412,95.6639566395664
667907,1367576,1413,95.7317073170732
657265,1367541,1414,95.7994579945799
646606,1367512,1415,95.8672086720867
635930,1367486,1416,95.9349593495935
625237,1367463,1417,96.0027100271003
614527,1367443,1418,96.070460704607
603801,1367428,1419,96.1382113821138
593058,1367416,1420,96.2059620596206
582299,1367408,1421,96.2737127371274
571523,1367405,1422,96.3414634146342
560731,1367405,1423,96.4092140921409
549923,1367405,1424,96.4769647696477
539099,1367405,1425,96.5447154471545
528259,1367405,1426,96.6124661246613
517403,1367406,1427,96.680216802168
506531,1367407,1428,96.7479674796748
495644,1367409,1429,96.8157181571816
484741,1367411,1430,96.8834688346883
473823,1367414,1431,96.9512195121951
462889,1367418,1432,97.0189701897019
451940,1367422,1433,97.0867208672087
440976,1367427,1434,97.1544715447155
429997,1367435,1435,97.2222222222222
419003,1367446,1436,97.289972899729
407994,1367460,1437,97.3577235772358
396970,1367475,1438,97.4254742547426
385932,1367493,1439,97.4932249322493
374879,1367512,1440,97.5609756097561
363812,1367531,1441,97.6287262872629
352731,1367551,1442,97.6964769647696
341635,1367571,1443,97.7642276422764
330524,1367592,1444,97.8319783197832
319399,1367613,1445,97.89972899729
308260,1367635,1446,97.9674796747968
297106,1367657,1447,98.0352303523035
285938,1367679,1448,98.1029810298103
274756,1367702,1449,98.1707317073171
263560,1367725,1450,98.2384823848239
252350,1367749,1451,98.3062330623306
241126,1367773,1452,98.3739837398374
229888,1367797,1453,98.4417344173442
218637,1367822,1454,98.5094850948509
207372,1367847,1455,98.5772357723577
196094,1367872,1456,98.6449864498645
184803,1367898,1457,98.7127371273713
173498,1367924,1458,98.7804878048781
162180,1367950,1459,98.8482384823848
150848,1367976,1460,98.9159891598916
139503,1368003,1461,98.9837398373984
128145,1368030,1462,99.0514905149052
116774,1368057,1463,99.1192411924119
105391,1368084,1464,99.1869918699187
93995,1368111,1465,99.2547425474255
82587,1368139,1466,99.3224932249322
71166,1368167,1467,99.390243902439
59733,1368195,1468,99.4579945799458
48288,1368223,1469,99.5257452574526
36830,1368252,1470,99.5934959349594
25360,1368281,1471,99.6612466124661
13877,1368310,1472,99.7289972899729
2382,1368339,1473,99.7967479674797
-9125,1368369,1474,99.8644986449865
-20644,1368399,1475,99.9322493224932
-32175,1368429,1476,100
